Workbook
Name Slicer_CMP: #N/A
Name Slicer_IE_Name: #N/A
Name Slicer_IE_Name1: #N/A
Name Slicer_Mapped_Technician1: #N/A
Name Slicer_Vehcile_Number: #N/A
Name Tbl_master: #REF!
Name Timeline_Date_of_filling: #N/A

Sheet Uttarakhand dfr
A1: S.R | B1: CMP | C1: TRIM/UPPER(Clean CMP) | D1: IE Name | E1: Vehcile Number | F1: Filler Name | G1: SAP | H1: Invoice Number | I1: Date of Invoice | J1: Date of filling | K1: Invoice filling gape | L1: gap validation | M1: Fule filling DG Kwh | N1: Fuel filling DG Hrs | O1: Before filling Fuel level | P1: Filling Qty | Q1: IF (filling category) | R1: IF AND(High Haldwani flag) | S1: Nested IF (filling category) | T1: Total fuel Balance | U1: IFS (filling category) | V1: IF OR(priority cluster flag) | W1: Site Entry date in DFR | X1: Fuel Filling Timing | Y1: Month | Z1: TEXT(Filling month) | AA1: filling year | AB1: Filling day | AC1: Handover to Technician - Name | AD1: Mapped Technician | AE1: SAP LENGTH | AF1: SAP VALIDATION
A2: 1 | B2: DEHRADUN | C2: =UPPER(TRIM(Tbl_DFR[[#This Row],[CMP]])) -> DEHRADUN | D2: Vivek Kumar | E2: UK17CA5176 | F2: ASHISH | G2: I-UW-VKSN-ENB-9097 | H2: 151303 | I2: 45931 | J2: 45933 | K2: =IF(OR(Tbl_DFR[[#This Row],[Date of filling]]="WIP",Tbl_DFR[[#This Row],[Date of Invoice ]]=""),"",Tbl_DFR[[#This Row],[Date of filling]]-Tbl_DFR[[#This Row],[Date of Invoice ]]) -> 2 | L2: =IF(ISNUMBER(Tbl_DFR[[#This Row],[Invoice filling gape]]),"valid","check") -> valid | M2: 9798 | N2: 2116 | O2: 30 | P2: 60 | Q2: =IF(Tbl_DFR[[#This Row],[Filling Qty]]>=150,"high","normal") -> normal | R2: =IF(AND(Tbl_DFR[[#This Row],[CMP]]="HALDWANI",Tbl_DFR[[#This Row],[Filling Qty]]>=150),"yes","no") -> no | S2: =IF(Tbl_DFR[[#This Row],[Filling Qty]]>=150,"high",IF(Tbl_DFR[[#This Row],[Filling Qty]]>=80,"medium","low")) -> low | T2: =P2+O2 -> 90 | U2: {=_xlfn.IFS(Tbl_DFR[[#This Row],[Filling Qty]]>=150,"HIGH",Tbl_DFR[[#This Row],[Filling Qty]]>=80,"medium",TRUE,"low")} -> low | V2: =IF(OR(Tbl_DFR[[#This Row],[CMP]]="HALDWANI",Tbl_DFR[[#This Row],[CMP]]="DEHRADUN"),"YES","NO") -> YES | W2: 45931 | X2: 45931 | Y2: 45931 | Z2: =IFERROR(TEXT(Tbl_DFR[[#This Row],[Date of filling]],"mmm"),"WIP") -> Oct | AA2: =IFERROR(YEAR(Tbl_DFR[[#This Row],[Date of filling]]),"WIP") -> 2025 | AB2: =IFERROR(TEXT(Tbl_DFR[[#This Row],[Date of filling]],"ddd"),"WIP") -> Fri | AD2: =_xlfn.XLOOKUP(Tbl_DFR[[#This Row],[SAP]],Site_master[SAP ID],Site_master[ [ TECHNICIAN Name] ],"Not found") -> Ankur Khatana | AE2: =LEN(Tbl_DFR[[#This Row],[SAP]]) -> 18 | AF2: =IF(Tbl_DFR[[#This Row],[SAP LENGTH]]=18,"valid","check") -> valid
A3: 1 | B3: HALDWANI | C3: =UPPER(TRIM(C7)) -> HALDWANI | D3: Aashish Rai | E3: UK05CA2368 | F3: GANESH | G3: I-UW-BRIG-ENB-9002 | H3: TXN100125947379 | I3: 45931 | J3: 45932 | K3: =IF(OR(Tbl_DFR[[#This Row],[Date of filling]]="WIP",Tbl_DFR[[#This Row],[Date of Invoice ]]=""),"",Tbl_DFR[[#This Row],[Date of filling]]-Tbl_DFR[[#This Row],[Date of Invoice ]]) -> 1 | L3: =IF(ISNUMBER(Tbl_DFR[[#This Row],[Invoice filling gape]]),"valid","check") -> valid | M3: 2948 | N3: 547 | O3: 0 | P3: 120 | Q3: =IF(Tbl_DFR[[#This Row],[Filling Qty]]>=150,"high","normal") -> normal | R3: =IF(AND(Tbl_DFR[[#This Row],[CMP]]="HALDWANI",Tbl_DFR[[#This Row],[Filling Qty]]>=150),"yes","no") -> no | S3: =IF(Tbl_DFR[[#This Row],[Filling Qty]]>=150,"high",IF(Tbl_DFR[[#This Row],[Filling Qty]]>=80,"medium","low")) -> medium | T3: =P3+O3 -> 120 | U3: {=_xlfn.IFS(Tbl_DFR[[#This Row],[Filling Qty]]>=150,"HIGH",Tbl_DFR[[#This Row],[Filling Qty]]>=80,"medium",TRUE,"low")} -> medium | V3: =IF(OR(Tbl_DFR[[#This Row],[CMP]]="HALDWANI",Tbl_DFR[[#This Row],[CMP]]="DEHRADUN"),"YES","NO") -> YES | W3: 45932 | Y3: 45931 | Z3: =IFERROR(TEXT(Tbl_DFR[[#This Row],[Date of filling]],"mmm"),"WIP") -> Oct | AA3: =IFERROR(YEAR(Tbl_DFR[[#This Row],[Date of filling]]),"WIP") -> 2025 | AB3: =IFERROR(TEXT(Tbl_DFR[[#This Row],[Date of filling]],"ddd"),"WIP") -> Thu | AD3: =_xlfn.XLOOKUP(Tbl_DFR[[#This Row],[SAP]],Site_master[SAP ID],Site_master[ [ TECHNICIAN Name] ],"Not found") -> Kamlesh Mahra | AE3: =LEN(Tbl_DFR[[#This Row],[SAP]]) -> 18 | AF3: =IF(Tbl_DFR[[#This Row],[SAP LENGTH]]=18,"valid","check") -> valid
A4: 2 | B4: DEHRADUN | C4: =UPPER(TRIM(Tbl_DFR[[#This Row],[CMP]])) -> DEHRADUN | D4: Vivek Kumar | E4: UK17CA5176 | F4: ASHISH | G4: I-UW-VKSN-ENB-9164 | H4: 151030 | I4: 45931 | J4: 45933 | K4: =IF(OR(Tbl_DFR[[#This Row],[Date of filling]]="WIP",Tbl_DFR[[#This Row],[Date of Invoice ]]=""),"",Tbl_DFR[[#This Row],[Date of filling]]-Tbl_DFR[[#This Row],[Date of Invoice ]]) -> 2 | L4: =IF(ISNUMBER(Tbl_DFR[[#This Row],[Invoice filling gape]]),"valid","check") -> valid | M4: 11321 | N4: 2125 | O4: 15 | P4: 80 | Q4: =IF(Tbl_DFR[[#This Row],[Filling Qty]]>=150,"high","normal") -> normal | R4: =IF(AND(Tbl_DFR[[#This Row],[CMP]]="HALDWANI",Tbl_DFR[[#This Row],[Filling Qty]]>=150),"yes","no") -> no | S4: =IF(Tbl_DFR[[#This Row],[Filling Qty]]>=150,"high",IF(Tbl_DFR[[#This Row],[Filling Qty]]>=80,"medium","low")) -> medium | T4: =P4+O4 -> 95 | U4: {=_xlfn.IFS(Tbl_DFR[[#This Row],[Filling Qty]]>=150,"HIGH",Tbl_DFR[[#This Row],[Filling Qty]]>=80,"medium",TRUE,"low")} -> medium | V4: =IF(OR(Tbl_DFR[[#This Row],[CMP]]="HALDWANI",Tbl_DFR[[#This Row],[CMP]]="DEHRADUN"),"YES","NO") -> YES | W4: 45931 | X4: 45931 | Y4: 45931 | Z4: =IFERROR(TEXT(Tbl_DFR[[#This Row],[Date of filling]],"mmm"),"WIP") -> Oct | AA4: =IFERROR(YEAR(Tbl_DFR[[#This Row],[Date of filling]]),"WIP") -> 2025 | AB4: =IFERROR(TEXT(Tbl_DFR[[#This Row],[Date of filling]],"ddd"),"WIP") -> Fri | AD4: =_xlfn.XLOOKUP(Tbl_DFR[[#This Row],[SAP]],Site_master[SAP ID],Site_master[ [ TECHNICIAN Name] ],"Not found") -> Sandeep Kumar Saini | AE4: =LEN(Tbl_DFR[[#This Row],[SAP]]) -> 18 | AF4: =IF(Tbl_DFR[[#This Row],[SAP LENGTH]]=18,"valid","check") -> valid
A5: 2 | B5: HALDWANI | C5: =UPPER(TRIM(Tbl_DFR[[#This Row],[CMP]])) -> HALDWANI | D5: Aashish Rai | E5: UK05CA2368 | F5: GANESH | G5: I-UW-BRIG-ENB-9011 | H5: TXN100125947615 | I5: 45931 | J5: 45933 | K5: =IF(OR(Tbl_DFR[[#This Row],[Date of filling]]="WIP",Tbl_DFR[[#This Row],[Date of Invoice ]]=""),"",Tbl_DFR[[#This Row],[Date of filling]]-Tbl_DFR[[#This Row],[Date of Invoice ]]) -> 2 | L5: =IF(ISNUMBER(Tbl_DFR[[#This Row],[Invoice filling gape]]),"valid","check") -> valid | M5: 613 | N5: 223 | O5: 80 | P5: 60 | Q5: =IF(Tbl_DFR[[#This Row],[Filling Qty]]>=150,"high","normal") -> normal | R5: =IF(AND(Tbl_DFR[[#This Row],[CMP]]="HALDWANI",Tbl_DFR[[#This Row],[Filling Qty]]>=150),"yes","no") -> no | S5: =IF(Tbl_DFR[[#This Row],[Filling Qty]]>=150,"high",IF(Tbl_DFR[[#This Row],[Filling Qty]]>=80,"medium","low")) -> low | T5: =P5+O5 -> 140 | U5: {=_xlfn.IFS(Tbl_DFR[[#This Row],[Filling Qty]]>=150,"HIGH",Tbl_DFR[[#This Row],[Filling Qty]]>=80,"medium",TRUE,"low")} -> low | V5: =IF(OR(Tbl_DFR[[#This Row],[CMP]]="HALDWANI",Tbl_DFR[[#This Row],[CMP]]="DEHRADUN"),"YES","NO") -> YES | W5: 45933 | Y5: 45931 | Z5: =IFERROR(TEXT(Tbl_DFR[[#This Row],[Date of filling]],"mmm"),"WIP") -> Oct | AA5: =IFERROR(YEAR(Tbl_DFR[[#This Row],[Date of filling]]),"WIP") -> 2025 | AB5: =IFERROR(TEXT(Tbl_DFR[[#This Row],[Date of filling]],"ddd"),"WIP") -> Fri | AD5: =_xlfn.XLOOKUP(Tbl_DFR[[#This Row],[SAP]],Site_master[SAP ID],Site_master[ [ TECHNICIAN Name] ],"Not found") -> Kuwar Singh Mehra | AE5: =LEN(Tbl_DFR[[#This Row],[SAP]]) -> 18 | AF5: =IF(Tbl_DFR[[#This Row],[SAP LENGTH]]=18,"valid","check") -> valid
A6: 3 | B6: DEHRADUN | C6: =UPPER(TRIM(Tbl_DFR[[#This Row],[CMP]])) -> DEHRADUN | D6: Vivek Kumar | E6: UK17CA5176 | F6: ASHISH | G6: I-UW-DRDN-ENB-9009 | H6: 151303 | I6: 45931 | J6: 45933 | K6: =IF(OR(Tbl_DFR[[#This Row],[Date of filling]]="WIP",Tbl_DFR[[#This Row],[Date of Invoice ]]=""),"",Tbl_DFR[[#This Row],[Date of filling]]-Tbl_DFR[[#This Row],[Date of Invoice ]]) -> 2 | L6: =IF(ISNUMBER(Tbl_DFR[[#This Row],[Invoice filling gape]]),"valid","check") -> valid | M6: 12772 | N6: 2842 | O6: 14 | P6: 60 | Q6: =IF(Tbl_DFR[[#This Row],[Filling Qty]]>=150,"high","normal") -> normal | R6: =IF(AND(Tbl_DFR[[#This Row],[CMP]]="HALDWANI",Tbl_DFR[[#This Row],[Filling Qty]]>=150),"yes","no") -> no | S6: =IF(Tbl_DFR[[#This Row],[Filling Qty]]>=150,"high",IF(Tbl_DFR[[#This Row],[Filling Qty]]>=80,"medium","low")) -> low | T6: =P6+O6 -> 74 | U6: {=_xlfn.IFS(Tbl_DFR[[#This Row],[Filling Qty]]>=150,"HIGH",Tbl_DFR[[#This Row],[Filling Qty]]>=80,"medium",TRUE,"low")} -> low | V6: =IF(OR(Tbl_DFR[[#This Row],[CMP]]="HALDWANI",Tbl_DFR[[#This Row],[CMP]]="DEHRADUN"),"YES","NO") -> YES | W6: 45931 | X6: 45931 | Y6: 45931 | Z6: =IFERROR(TEXT(Tbl_DFR[[#This Row],[Date of filling]],"mmm"),"WIP") -> Oct | AA6: =IFERROR(YEAR(Tbl_DFR[[#This Row],[Date of filling]]),"WIP") -> 2025 | AB6: =IFERROR(TEXT(Tbl_DFR[[#This Row],[Date of filling]],"ddd"),"WIP") -> Fri | AD6: =_xlfn.XLOOKUP(Tbl_DFR[[#This Row],[SAP]],Site_master[SAP ID],Site_master[ [ TECHNICIAN Name] ],"Not found") -> Ankur Khatana | AE6: =LEN(Tbl_DFR[[#This Row],[SAP]]) -> 18 | AF6: =IF(Tbl_DFR[[#This Row],[SAP LENGTH]]=18,"valid","check") -> valid
A7: 3 | B7: HALDWANI | C7: =UPPER(TRIM(Tbl_DFR[[#This Row],[CMP]])) -> HALDWANI | D7: Aashish Rai | E7: UK05CA2368 | F7: GANESH | G7: I-UW-BRIG-ENB-9016 | H7: TXN100125951772 | I7: 45931 | J7: 45932 | K7: =IF(OR(Tbl_DFR[[#This Row],[Date of filling]]="WIP",Tbl_DFR[[#This Row],[Date of Invoice ]]=""),"",Tbl_DFR[[#This Row],[Date of filling]]-Tbl_DFR[[#This Row],[Date of Invoice ]]) -> 1 | L7: =IF(ISNUMBER(Tbl_DFR[[#This Row],[Invoice filling gape]]),"valid","check") -> valid | M7: 6772 | N7: 1361 | O7: 5 | P7: 60 | Q7: =IF(Tbl_DFR[[#This Row],[Filling Qty]]>=150,"high","normal") -> normal | R7: =IF(AND(Tbl_DFR[[#This Row],[CMP]]="HALDWANI",Tbl_DFR[[#This Row],[Filling Qty]]>=150),"yes","no") -> no | S7: =IF(Tbl_DFR[[#This Row],[Filling Qty]]>=150,"high",IF(Tbl_DFR[[#This Row],[Filling Qty]]>=80,"medium","low")) -> low | T7: =P7+O7 -> 65 | U7: {=_xlfn.IFS(Tbl_DFR[[#This Row],[Filling Qty]]>=150,"HIGH",Tbl_DFR[[#This Row],[Filling Qty]]>=80,"medium",TRUE,"low")} -> low | V7: =IF(OR(Tbl_DFR[[#This Row],[CMP]]="HALDWANI",Tbl_DFR[[#This Row],[CMP]]="DEHRADUN"),"YES","NO") -> YES | W7: 45932 | Y7: 45931 | Z7: =IFERROR(TEXT(Tbl_DFR[[#This Row],[Date of filling]],"mmm"),"WIP") -> Oct | AA7: =IFERROR(YEAR(Tbl_DFR[[#This Row],[Date of filling]]),"WIP") -> 2025 | AB7: =IFERROR(TEXT(Tbl_DFR[[#This Row],[Date of filling]],"ddd"),"WIP") -> Thu | AD7: =_xlfn.XLOOKUP(Tbl_DFR[[#This Row],[SAP]],Site_master[SAP ID],Site_master[ [ TECHNICIAN Name] ],"Not found") -> Kamlesh Mahra | AE7: =LEN(Tbl_DFR[[#This Row],[SAP]]) -> 18 | AF7: =IF(Tbl_DFR[[#This Row],[SAP LENGTH]]=18,"valid","check") -> valid
A8: 4 | B8: DEHRADUN | C8: =UPPER(TRIM(Tbl_DFR[[#This Row],[CMP]])) -> DEHRADUN | D8: Vivek Kumar | E8: UK17CA5176 | F8: ASHISH | G8: I-UW-VKSN-ENB-9145 | H8: 151303 | I8: 45931 | J8: 45932 | K8: =IF(OR(Tbl_DFR[[#This Row],[Date of filling]]="WIP",Tbl_DFR[[#This Row],[Date of Invoice ]]=""),"",Tbl_DFR[[#This Row],[Date of filling]]-Tbl_DFR[[#This Row],[Date of Invoice ]]) -> 1 | L8: =IF(ISNUMBER(Tbl_DFR[[#This Row],[Invoice filling gape]]),"valid","check") -> valid | M8: 9343 | N8: 2821 | O8: 13 | P8: 60 | Q8: =IF(Tbl_DFR[[#This Row],[Filling Qty]]>=150,"high","normal") -> normal | R8: =IF(AND(Tbl_DFR[[#This Row],[CMP]]="HALDWANI",Tbl_DFR[[#This Row],[Filling Qty]]>=150),"yes","no") -> no | S8: =IF(Tbl_DFR[[#This Row],[Filling Qty]]>=150,"high",IF(Tbl_DFR[[#This Row],[Filling Qty]]>=80,"medium","low")) -> low | T8: =P8+O8 -> 73 | U8: {=_xlfn.IFS(Tbl_DFR[[#This Row],[Filling Qty]]>=150,"HIGH",Tbl_DFR[[#This Row],[Filling Qty]]>=80,"medium",TRUE,"low")} -> low | V8: =IF(OR(Tbl_DFR[[#This Row],[CMP]]="HALDWANI",Tbl_DFR[[#This Row],[CMP]]="DEHRADUN"),"YES","NO") -> YES | W8: 45931 | X8: 45931 | Y8: 45931 | Z8: =IFERROR(TEXT(Tbl_DFR[[#This Row],[Date of filling]],"mmm"),"WIP") -> Oct | AA8: =IFERROR(YEAR(Tbl_DFR[[#This Row],[Date of filling]]),"WIP") -> 2025 | AB8: =IFERROR(TEXT(Tbl_DFR[[#This Row],[Date of filling]],"ddd"),"WIP") -> Thu | AD8: =_xlfn.XLOOKUP(Tbl_DFR[[#This Row],[SAP]],Site_master[SAP ID],Site_master[ [ TECHNICIAN Name] ],"Not found") -> Rohit Thakur SLQU | AE8: =LEN(Tbl_DFR[[#This Row],[SAP]]) -> 18 | AF8: =IF(Tbl_DFR[[#This Row],[SAP LENGTH]]=18,"valid","check") -> valid
A9: 4 | B9: HALDWANI | C9: =UPPER(TRIM(Tbl_DFR[[#This Row],[CMP]])) -> HALDWANI | D9: Aashish Rai | E9: UK05CA2368 | F9: GANESH | G9: I-UW-BRIG-ENB-9018 | H9: TXN100125947379 | I9: 45931 | J9: 45931 | K9: =IF(OR(Tbl_DFR[[#This Row],[Date of filling]]="WIP",Tbl_DFR[[#This Row],[Date of Invoice ]]=""),"",Tbl_DFR[[#This Row],[Date of filling]]-Tbl_DFR[[#This Row],[Date of Invoice ]]) -> 0 | L9: =IF(ISNUMBER(Tbl_DFR[[#This Row],[Invoice filling gape]]),"valid","check") -> valid | M9: 9556 | N9: 2590 | O9: 4 | P9: 100 | Q9: =IF(Tbl_DFR[[#This Row],[Filling Qty]]>=150,"high","normal") -> normal | R9: =IF(AND(Tbl_DFR[[#This Row],[CMP]]="HALDWANI",Tbl_DFR[[#This Row],[Filling Qty]]>=150),"yes","no") -> no | S9: =IF(Tbl_DFR[[#This Row],[Filling Qty]]>=150,"high",IF(Tbl_DFR[[#This Row],[Filling Qty]]>=80,"medium","low")) -> medium | T9: =P9+O9 -> 104 | U9: {=_xlfn.IFS(Tbl_DFR[[#This Row],[Filling Qty]]>=150,"HIGH",Tbl_DFR[[#This Row],[Filling Qty]]>=80,"medium",TRUE,"low")} -> medium | V9: =IF(OR(Tbl_DFR[[#This Row],[CMP]]="HALDWANI",Tbl_DFR[[#This Row],[CMP]]="DEHRADUN"),"YES","NO") -> YES | W9: 45931 | Y9: 45931 | Z9: =IFERROR(TEXT(Tbl_DFR[[#This Row],[Date of filling]],"mmm"),"WIP") -> Oct | AA9: =IFERROR(YEAR(Tbl_DFR[[#This Row],[Date of filling]]),"WIP") -> 2025 | AB9: =IFERROR(TEXT(Tbl_DFR[[#This Row],[Date of filling]],"ddd"),"WIP") -> Wed | AD9: =_xlfn.XLOOKUP(Tbl_DFR[[#This Row],[SAP]],Site_master[SAP ID],Site_master[ [ TECHNICIAN Name] ],"Not found") -> Kamlesh Mahra | AE9: =LEN(Tbl_DFR[[#This Row],[SAP]]) -> 18 | AF9: =IF(Tbl_DFR[[#This Row],[SAP LENGTH]]=18,"valid","check") -> valid
A10: 5 | B10: DEHRADUN | C10: =UPPER(TRIM(Tbl_DFR[[#This Row],[CMP]])) -> DEHRADUN | D10: Vivek Kumar | E10: UK17CA5176 | F10: ASHISH | G10: I-UW-VKSN-ENB-9074 | H10: 151030 | I10: 45931 | J10: 45933 | K10: =IF(OR(Tbl_DFR[[#This Row],[Date of filling]]="WIP",Tbl_DFR[[#This Row],[Date of Invoice ]]=""),"",Tbl_DFR[[#This Row],[Date of filling]]-Tbl_DFR[[#This Row],[Date of Invoice ]]) -> 2 | L10: =IF(ISNUMBER(Tbl_DFR[[#This Row],[Invoice filling gape]]),"valid","check") -> valid | M10: 4272 | N10: 507 | O10: 15 | P10: 80 | Q10: =IF(Tbl_DFR[[#This Row],[Filling Qty]]>=150,"high","normal") -> normal | R10: =IF(AND(Tbl_DFR[[#This Row],[CMP]]="HALDWANI",Tbl_DFR[[#This Row],[Filling Qty]]>=150),"yes","no") -> no | S10: =IF(Tbl_DFR[[#This Row],[Filling Qty]]>=150,"high",IF(Tbl_DFR[[#This Row],[Filling Qty]]>=80,"medium","low")) -> medium | T10: =P10+O10 -> 95 | U10: {=_xlfn.IFS(Tbl_DFR[[#This Row],[Filling Qty]]>=150,"HIGH",Tbl_DFR[[#This Row],[Filling Qty]]>=80,"medium",TRUE,"low")} -> medium | V10: =IF(OR(Tbl_DFR[[#This Row],[CMP]]="HALDWANI",Tbl_DFR[[#This Row],[CMP]]="DEHRADUN"),"YES","NO") -> YES | W10: 45931 | X10: 45931 | Y10: 45931 | Z10: =IFERROR(TEXT(Tbl_DFR[[#This Row],[Date of filling]],"mmm"),"WIP") -> Oct | AA10: =IFERROR(YEAR(Tbl_DFR[[#This Row],[Date of filling]]),"WIP") -> 2025 | AB10: =IFERROR(TEXT(Tbl_DFR[[#This Row],[Date of filling]],"ddd"),"WIP") -> Fri | AD10: =_xlfn.XLOOKUP(Tbl_DFR[[#This Row],[SAP]],Site_master[SAP ID],Site_master[ [ TECHNICIAN Name] ],"Not found") -> Sandeep Kumar Saini | AE10: =LEN(Tbl_DFR[[#This Row],[SAP]]) -> 18 | AF10: =IF(Tbl_DFR[[#This Row],[SAP LENGTH]]=18,"valid","check") -> valid
A11: 5 | B11: HALDWANI | C11: =UPPER(TRIM(Tbl_DFR[[#This Row],[CMP]])) -> HALDWANI | D11: Aashish Rai | E11: UK05CA2368 | F11: GANESH | G11: I-UW-BRIG-ENB-9019 | H11: TXN100125947379 | I11: 45931 | J11: 45931 | K11: =IF(OR(Tbl_DFR[[#This Row],[Date of filling]]="WIP",Tbl_DFR[[#This Row],[Date of Invoice ]]=""),"",Tbl_DFR[[#This Row],[Date of filling]]-Tbl_DFR[[#This Row],[Date of Invoice ]]) -> 0 | L11: =IF(ISNUMBER(Tbl_DFR[[#This Row],[Invoice filling gape]]),"valid","check") -> valid | M11: 13703 | N11: 2782 | O11: 42 | P11: 80 | Q11: =IF(Tbl_DFR[[#This Row],[Filling Qty]]>=150,"high","normal") -> normal | R11: =IF(AND(Tbl_DFR[[#This Row],[CMP]]="HALDWANI",Tbl_DFR[[#This Row],[Filling Qty]]>=150),"yes","no") -> no | S11: =IF(Tbl_DFR[[#This Row],[Filling Qty]]>=150,"high",IF(Tbl_DFR[[#This Row],[Filling Qty]]>=80,"medium","low")) -> medium | T11: =P11+O11 -> 122 | U11: {=_xlfn.IFS(Tbl_DFR[[#This Row],[Filling Qty]]>=150,"HIGH",Tbl_DFR[[#This Row],[Filling Qty]]>=80,"medium",TRUE,"low")} -> medium | V11: =IF(OR(Tbl_DFR[[#This Row],[CMP]]="HALDWANI",Tbl_DFR[[#This Row],[CMP]]="DEHRADUN"),"YES","NO") -> YES | W11: 45931 | Y11: 45931 | Z11: =IFERROR(TEXT(Tbl_DFR[[#This Row],[Date of filling]],"mmm"),"WIP") -> Oct | AA11: =IFERROR(YEAR(Tbl_DFR[[#This Row],[Date of filling]]),"WIP") -> 2025 | AB11: =IFERROR(TEXT(Tbl_DFR[[#This Row],[Date of filling]],"ddd"),"WIP") -> Wed | AD11: =_xlfn.XLOOKUP(Tbl_DFR[[#This Row],[SAP]],Site_master[SAP ID],Site_master[ [ TECHNICIAN Name] ],"Not found") -> Kamlesh Mahra | AE11: =LEN(Tbl_DFR[[#This Row],[SAP]]) -> 18 | AF11: =IF(Tbl_DFR[[#This Row],[SAP LENGTH]]=18,"valid","check") -> valid
A12: 6 | B12: DEHRADUN | C12: =UPPER(TRIM(Tbl_DFR[[#This Row],[CMP]])) -> DEHRADUN | D12: Vivek Kumar | E12: UK17CA5176 | F12: ASHISH | G12: I-UW-DRDN-ENB-0612 | H12: 151303 | I12: 45931 | J12: 45932 | K12: =IF(OR(Tbl_DFR[[#This Row],[Date of filling]]="WIP",Tbl_DFR[[#This Row],[Date of Invoice ]]=""),"",Tbl_DFR[[#This Row],[Date of filling]]-Tbl_DFR[[#This Row],[Date of Invoice ]]) -> 1 | L12: =IF(ISNUMBER(Tbl_DFR[[#This Row],[Invoice filling gape]]),"valid","check") -> valid | M12: 12515 | N12: 3069 | O12: 21 | P12: 60 | Q12: =IF(Tbl_DFR[[#This Row],[Filling Qty]]>=150,"high","normal") -> normal | R12: =IF(AND(Tbl_DFR[[#This Row],[CMP]]="HALDWANI",Tbl_DFR[[#This Row],[Filling Qty]]>=150),"yes","no") -> no | S12: =IF(Tbl_DFR[[#This Row],[Filling Qty]]>=150,"high",IF(Tbl_DFR[[#This Row],[Filling Qty]]>=80,"medium","low")) -> low | T12: =P12+O12 -> 81 | U12: {=_xlfn.IFS(Tbl_DFR[[#This Row],[Filling Qty]]>=150,"HIGH",Tbl_DFR[[#This Row],[Filling Qty]]>=80,"medium",TRUE,"low")} -> low | V12: =IF(OR(Tbl_DFR[[#This Row],[CMP]]="HALDWANI",Tbl_DFR[[#This Row],[CMP]]="DEHRADUN"),"YES","NO") -> YES | W12: 45931 | X12: 45931 | Y12: 45931 | Z12: =IFERROR(TEXT(Tbl_DFR[[#This Row],[Date of filling]],"mmm"),"WIP") -> Oct | AA12: =IFERROR(YEAR(Tbl_DFR[[#This Row],[Date of filling]]),"WIP") -> 2025 | AB12: =IFERROR(TEXT(Tbl_DFR[[#This Row],[Date of filling]],"ddd"),"WIP") -> Thu | AD12: =_xlfn.XLOOKUP(Tbl_DFR[[#This Row],[SAP]],Site_master[SAP ID],Site_master[ [ TECHNICIAN Name] ],"Not found") -> Rohit Thakur SLQU | AE12: =LEN(Tbl_DFR[[#This Row],[SAP]]) -> 18 | AF12: =IF(Tbl_DFR[[#This Row],[SAP LENGTH]]=18,"valid","check") -> valid
A13: 6 | B13: HALDWANI | C13: =UPPER(TRIM(Tbl_DFR[[#This Row],[CMP]])) -> HALDWANI | D13: Aashish Rai | E13: UK05CA2368 | F13: GANESH | G13: I-UW-BRIG-ENB-9024 | H13: TXN100125947379 | I13: 45931 | J13: 45931 | K13: =IF(OR(Tbl_DFR[[#This Row],[Date of filling]]="WIP",Tbl_DFR[[#This Row],[Date of Invoice ]]=""),"",Tbl_DFR[[#This Row],[Date of filling]]-Tbl_DFR[[#This Row],[Date of Invoice ]]) -> 0 | L13: =IF(ISNUMBER(Tbl_DFR[[#This Row],[Invoice filling gape]]),"valid","check") -> valid | M13: 9297 | N13: 2475 | O13: 71 | P13: 40 | Q13: =IF(Tbl_DFR[[#This Row],[Filling Qty]]>=150,"high","normal") -> normal | R13: =IF(AND(Tbl_DFR[[#This Row],[CMP]]="HALDWANI",Tbl_DFR[[#This Row],[Filling Qty]]>=150),"yes","no") -> no | S13: =IF(Tbl_DFR[[#This Row],[Filling Qty]]>=150,"high",IF(Tbl_DFR[[#This Row],[Filling Qty]]>=80,"medium","low")) -> low | T13: =P13+O13 -> 111 | U13: {=_xlfn.IFS(Tbl_DFR[[#This Row],[Filling Qty]]>=150,"HIGH",Tbl_DFR[[#This Row],[Filling Qty]]>=80,"medium",TRUE,"low")} -> low | V13: =IF(OR(Tbl_DFR[[#This Row],[CMP]]="HALDWANI",Tbl_DFR[[#This Row],[CMP]]="DEHRADUN"),"YES","NO") -> YES | W13: 45931 | X13: 0.65277778 | Y13: 45931 | Z13: =IFERROR(TEXT(Tbl_DFR[[#This Row],[Date of filling]],"mmm"),"WIP") -> Oct | AA13: =IFERROR(YEAR(Tbl_DFR[[#This Row],[Date of filling]]),"WIP") -> 2025 | AB13: =IFERROR(TEXT(Tbl_DFR[[#This Row],[Date of filling]],"ddd"),"WIP") -> Wed | AC13: KAMLESH SINGH MEHRA | AD13: =_xlfn.XLOOKUP(Tbl_DFR[[#This Row],[SAP]],Site_master[SAP ID],Site_master[ [ TECHNICIAN Name] ],"Not found") -> Kamlesh Mahra | AE13: =LEN(Tbl_DFR[[#This Row],[SAP]]) -> 18 | AF13: =IF(Tbl_DFR[[#This Row],[SAP LENGTH]]=18,"valid","check") -> valid
A14: 7 | B14: DEHRADUN | C14: =UPPER(TRIM(Tbl_DFR[[#This Row],[CMP]])) -> DEHRADUN | D14: Vivek Kumar | E14: UK17CA5176 | F14: ASHISH | G14: I-UW-XXXX-COW-0535 | H14: 151155 | I14: 45931 | J14: 45931 | K14: =IF(OR(Tbl_DFR[[#This Row],[Date of filling]]="WIP",Tbl_DFR[[#This Row],[Date of Invoice ]]=""),"",Tbl_DFR[[#This Row],[Date of filling]]-Tbl_DFR[[#This Row],[Date of Invoice ]]) -> 0 | L14: =IF(ISNUMBER(Tbl_DFR[[#This Row],[Invoice filling gape]]),"valid","check") -> valid | M14: 53384 | N14: 10847 | O14: 20 | P14: 160 | Q14: =IF(Tbl_DFR[[#This Row],[Filling Qty]]>=150,"high","normal") -> high | R14: =IF(AND(Tbl_DFR[[#This Row],[CMP]]="HALDWANI",Tbl_DFR[[#This Row],[Filling Qty]]>=150),"yes","no") -> no | S14: =IF(Tbl_DFR[[#This Row],[Filling Qty]]>=150,"high",IF(Tbl_DFR[[#This Row],[Filling Qty]]>=80,"medium","low")) -> high | T14: =P14+O14 -> 180 | U14: {=_xlfn.IFS(Tbl_DFR[[#This Row],[Filling Qty]]>=150,"HIGH",Tbl_DFR[[#This Row],[Filling Qty]]>=80,"medium",TRUE,"low")} -> HIGH | V14: =IF(OR(Tbl_DFR[[#This Row],[CMP]]="HALDWANI",Tbl_DFR[[#This Row],[CMP]]="DEHRADUN"),"YES","NO") -> YES | W14: 45931 | X14: 45931 | Y14: 45931 | Z14: =IFERROR(TEXT(Tbl_DFR[[#This Row],[Date of filling]],"mmm"),"WIP") -> Oct | AA14: =IFERROR(YEAR(Tbl_DFR[[#This Row],[Date of filling]]),"WIP") -> 2025 | AB14: =IFERROR(TEXT(Tbl_DFR[[#This Row],[Date of filling]],"ddd"),"WIP") -> Wed | AD14: =_xlfn.XLOOKUP(Tbl_DFR[[#This Row],[SAP]],Site_master[SAP ID],Site_master[ [ TECHNICIAN Name] ],"Not found") -> Jitendra Negi | AE14: =LEN(Tbl_DFR[[#This Row],[SAP]]) -> 18 | AF14: =IF(Tbl_DFR[[#This Row],[SAP LENGTH]]=18,"valid","check") -> valid
A15: 7 | B15: HALDWANI | C15: =UPPER(TRIM(Tbl_DFR[[#This Row],[CMP]])) -> HALDWANI | D15: Aashish Rai | E15: UK05CA2368 | F15: GANESH | G15: I-UW-BRIG-ENB-9028 | H15: TXN100125947379 | I15: 45931 | J15: 45932 | K15: =IF(OR(Tbl_DFR[[#This Row],[Date of filling]]="WIP",Tbl_DFR[[#This Row],[Date of Invoice ]]=""),"",Tbl_DFR[[#This Row],[Date of filling]]-Tbl_DFR[[#This Row],[Date of Invoice ]]) -> 1 | L15: =IF(ISNUMBER(Tbl_DFR[[#This Row],[Invoice filling gape]]),"valid","check") -> valid | M15: 2393 | N15: 427 | O15: 42 | P15: 80 | Q15: =IF(Tbl_DFR[[#This Row],[Filling Qty]]>=150,"high","normal") -> normal | R15: =IF(AND(Tbl_DFR[[#This Row],[CMP]]="HALDWANI",Tbl_DFR[[#This Row],[Filling Qty]]>=150),"yes","no") -> no | S15: =IF(Tbl_DFR[[#This Row],[Filling Qty]]>=150,"high",IF(Tbl_DFR[[#This Row],[Filling Qty]]>=80,"medium","low")) -> medium | T15: =P15+O15 -> 122 | U15: {=_xlfn.IFS(Tbl_DFR[[#This Row],[Filling Qty]]>=150,"HIGH",Tbl_DFR[[#This Row],[Filling Qty]]>=80,"medium",TRUE,"low")} -> medium | V15: =IF(OR(Tbl_DFR[[#This Row],[CMP]]="HALDWANI",Tbl_DFR[[#This Row],[CMP]]="DEHRADUN"),"YES","NO") -> YES | W15: 45932 | Y15: 45931 | Z15: =IFERROR(TEXT(Tbl_DFR[[#This Row],[Date of filling]],"mmm"),"WIP") -> Oct | AA15: =IFERROR(YEAR(Tbl_DFR[[#This Row],[Date of filling]]),"WIP") -> 2025 | AB15: =IFERROR(TEXT(Tbl_DFR[[#This Row],[Date of filling]],"ddd"),"WIP") -> Thu | AD15: =_xlfn.XLOOKUP(Tbl_DFR[[#This Row],[SAP]],Site_master[SAP ID],Site_master[ [ TECHNICIAN Name] ],"Not found") -> Kamlesh Mahra | AE15: =LEN(Tbl_DFR[[#This Row],[SAP]]) -> 18 | AF15: =IF(Tbl_DFR[[#This Row],[SAP LENGTH]]=18,"valid","check") -> valid
A16: 8 | B16: DEHRADUN | C16: =UPPER(TRIM(Tbl_DFR[[#This Row],[CMP]])) -> DEHRADUN | D16: Vivek Kumar | E16: UK17CA5597 | F16: ANIL | G16: I-UW-GSLI-ENB-9038 | H16: TXN100126016825 | I16: 45931 | J16: 45932 | K16: =IF(OR(Tbl_DFR[[#This Row],[Date of filling]]="WIP",Tbl_DFR[[#This Row],[Date of Invoice ]]=""),"",Tbl_DFR[[#This Row],[Date of filling]]-Tbl_DFR[[#This Row],[Date of Invoice ]]) -> 1 | L16: =IF(ISNUMBER(Tbl_DFR[[#This Row],[Invoice filling gape]]),"valid","check") -> valid | M16: 5661 | N16: 1602 | O16: 64 | P16: 80 | Q16: =IF(Tbl_DFR[[#This Row],[Filling Qty]]>=150,"high","normal") -> normal | R16: =IF(AND(Tbl_DFR[[#This Row],[CMP]]="HALDWANI",Tbl_DFR[[#This Row],[Filling Qty]]>=150),"yes","no") -> no | S16: =IF(Tbl_DFR[[#This Row],[Filling Qty]]>=150,"high",IF(Tbl_DFR[[#This Row],[Filling Qty]]>=80,"medium","low")) -> medium | T16: =P16+O16 -> 144 | U16: {=_xlfn.IFS(Tbl_DFR[[#This Row],[Filling Qty]]>=150,"HIGH",Tbl_DFR[[#This Row],[Filling Qty]]>=80,"medium",TRUE,"low")} -> medium | V16: =IF(OR(Tbl_DFR[[#This Row],[CMP]]="HALDWANI",Tbl_DFR[[#This Row],[CMP]]="DEHRADUN"),"YES","NO") -> YES | W16: 45931 | X16: 45931 | Y16: 45931 | Z16: =IFERROR(TEXT(Tbl_DFR[[#This Row],[Date of filling]],"mmm"),"WIP") -> Oct | AA16: =IFERROR(YEAR(Tbl_DFR[[#This Row],[Date of filling]]),"WIP") -> 2025 | AB16: =IFERROR(TEXT(Tbl_DFR[[#This Row],[Date of filling]],"ddd"),"WIP") -> Thu | AD16: =_xlfn.XLOOKUP(Tbl_DFR[[#This Row],[SAP]],Site_master[SAP ID],Site_master[ [ TECHNICIAN Name] ],"Not found") -> Amit Pal Singh | AE16: =LEN(Tbl_DFR[[#This Row],[SAP]]) -> 18 | AF16: =IF(Tbl_DFR[[#This Row],[SAP LENGTH]]=18,"valid","check") -> valid
A17: 8 | B17: HALDWANI | C17: =UPPER(TRIM(Tbl_DFR[[#This Row],[CMP]])) -> HALDWANI | D17: Aashish Rai | E17: UK05CA2368 | F17: GANESH | G17: I-UW-BRIG-ILA-0001 | H17: TXN100125947268 | I17: 45931 | J17: 45931 | K17: =IF(OR(Tbl_DFR[[#This Row],[Date of filling]]="WIP",Tbl_DFR[[#This Row],[Date of Invoice ]]=""),"",Tbl_DFR[[#This Row],[Date of filling]]-Tbl_DFR[[#This Row],[Date of Invoice ]]) -> 0 | L17: =IF(ISNUMBER(Tbl_DFR[[#This Row],[Invoice filling gape]]),"valid","check") -> valid | M17: 3789 | N17: 1560 | O17: 50 | P17: 60 | Q17: =IF(Tbl_DFR[[#This Row],[Filling Qty]]>=150,"high","normal") -> normal | R17: =IF(AND(Tbl_DFR[[#This Row],[CMP]]="HALDWANI",Tbl_DFR[[#This Row],[Filling Qty]]>=150),"yes","no") -> no | S17: =IF(Tbl_DFR[[#This Row],[Filling Qty]]>=150,"high",IF(Tbl_DFR[[#This Row],[Filling Qty]]>=80,"medium","low")) -> low | T17: =P17+O17 -> 110 | U17: {=_xlfn.IFS(Tbl_DFR[[#This Row],[Filling Qty]]>=150,"HIGH",Tbl_DFR[[#This Row],[Filling Qty]]>=80,"medium",TRUE,"low")} -> low | V17: =IF(OR(Tbl_DFR[[#This Row],[CMP]]="HALDWANI",Tbl_DFR[[#This Row],[CMP]]="DEHRADUN"),"YES","NO") -> YES | W17: 45931 | Y17: 45931 | Z17: =IFERROR(TEXT(Tbl_DFR[[#This Row],[Date of filling]],"mmm"),"WIP") -> Oct | AA17: =IFERROR(YEAR(Tbl_DFR[[#This Row],[Date of filling]]),"WIP") -> 2025 | AB17: =IFERROR(TEXT(Tbl_DFR[[#This Row],[Date of filling]],"ddd"),"WIP") -> Wed | AD17: =_xlfn.XLOOKUP(Tbl_DFR[[#This Row],[SAP]],Site_master[SAP ID],Site_master[ [ TECHNICIAN Name] ],"Not found") -> Kamlesh Mahra | AE17: =LEN(Tbl_DFR[[#This Row],[SAP]]) -> 18 | AF17: =IF(Tbl_DFR[[#This Row],[SAP LENGTH]]=18,"valid","check") -> valid
A18: 9 | B18: DEHRADUN | C18: =UPPER(TRIM(Tbl_DFR[[#This Row],[CMP]])) -> DEHRADUN | D18: Vivek Kumar | E18: UK17CA5597 | F18: ANIL | G18: I-UW-GSLI-ENB-9076 | H18: TXN100126016825 | I18: 45931 | J18: 45932 | K18: =IF(OR(Tbl_DFR[[#This Row],[Date of filling]]="WIP",Tbl_DFR[[#This Row],[Date of Invoice ]]=""),"",Tbl_DFR[[#This Row],[Date of filling]]-Tbl_DFR[[#This Row],[Date of Invoice ]]) -> 1 | L18: =IF(ISNUMBER(Tbl_DFR[[#This Row],[Invoice filling gape]]),"valid","check") -> valid | M18: 5520 | N18: 1455 | O18: 40 | P18: 80 | Q18: =IF(Tbl_DFR[[#This Row],[Filling Qty]]>=150,"high","normal") -> normal | R18: =IF(AND(Tbl_DFR[[#This Row],[CMP]]="HALDWANI",Tbl_DFR[[#This Row],[Filling Qty]]>=150),"yes","no") -> no | S18: =IF(Tbl_DFR[[#This Row],[Filling Qty]]>=150,"high",IF(Tbl_DFR[[#This Row],[Filling Qty]]>=80,"medium","low")) -> medium | T18: =P18+O18 -> 120 | U18: {=_xlfn.IFS(Tbl_DFR[[#This Row],[Filling Qty]]>=150,"HIGH",Tbl_DFR[[#This Row],[Filling Qty]]>=80,"medium",TRUE,"low")} -> medium | V18: =IF(OR(Tbl_DFR[[#This Row],[CMP]]="HALDWANI",Tbl_DFR[[#This Row],[CMP]]="DEHRADUN"),"YES","NO") -> YES | W18: 45931 | X18: 45931 | Y18: 45931 | Z18: =IFERROR(TEXT(Tbl_DFR[[#This Row],[Date of filling]],"mmm"),"WIP") -> Oct | AA18: =IFERROR(YEAR(Tbl_DFR[[#This Row],[Date of filling]]),"WIP") -> 2025 | AB18: =IFERROR(TEXT(Tbl_DFR[[#This Row],[Date of filling]],"ddd"),"WIP") -> Thu | AD18: =_xlfn.XLOOKUP(Tbl_DFR[[#This Row],[SAP]],Site_master[SAP ID],Site_master[ [ TECHNICIAN Name] ],"Not found") -> Pawan Kumar | AE18: =LEN(Tbl_DFR[[#This Row],[SAP]]) -> 18 | AF18: =IF(Tbl_DFR[[#This Row],[SAP LENGTH]]=18,"valid","check") -> valid
A19: 9 | B19: HALDWANI | C19: =UPPER(TRIM(Tbl_DFR[[#This Row],[CMP]])) -> HALDWANI | D19: Aashish Rai | E19: UP21ET8573 | F19: AMAN | G19: I-UW-BZPR-ENB-9018 | H19: 80958 | I19: 45931 | J19: 45931 | K19: =IF(OR(Tbl_DFR[[#This Row],[Date of filling]]="WIP",Tbl_DFR[[#This Row],[Date of Invoice ]]=""),"",Tbl_DFR[[#This Row],[Date of filling]]-Tbl_DFR[[#This Row],[Date of Invoice ]]) -> 0 | L19: =IF(ISNUMBER(Tbl_DFR[[#This Row],[Invoice filling gape]]),"valid","check") -> valid | M19: 12182 | N19: 2214 | O19: 45 | P19: 40 | Q19: =IF(Tbl_DFR[[#This Row],[Filling Qty]]>=150,"high","normal") -> normal | R19: =IF(AND(Tbl_DFR[[#This Row],[CMP]]="HALDWANI",Tbl_DFR[[#This Row],[Filling Qty]]>=150),"yes","no") -> no | S19: =IF(Tbl_DFR[[#This Row],[Filling Qty]]>=150,"high",IF(Tbl_DFR[[#This Row],[Filling Qty]]>=80,"medium","low")) -> low | T19: =P19+O19 -> 85 | U19: {=_xlfn.IFS(Tbl_DFR[[#This Row],[Filling Qty]]>=150,"HIGH",Tbl_DFR[[#This Row],[Filling Qty]]>=80,"medium",TRUE,"low")} -> low | V19: =IF(OR(Tbl_DFR[[#This Row],[CMP]]="HALDWANI",Tbl_DFR[[#This Row],[CMP]]="DEHRADUN"),"YES","NO") -> YES | W19: 45931 | X19: 0.46458333 | Y19: 45931 | Z19: =IFERROR(TEXT(Tbl_DFR[[#This Row],[Date of filling]],"mmm"),"WIP") -> Oct | AA19: =IFERROR(YEAR(Tbl_DFR[[#This Row],[Date of filling]]),"WIP") -> 2025 | AB19: =IFERROR(TEXT(Tbl_DFR[[#This Row],[Date of filling]],"ddd"),"WIP") -> Wed | AC19: Ankit Kumar | AD19: =_xlfn.XLOOKUP(Tbl_DFR[[#This Row],[SAP]],Site_master[SAP ID],Site_master[ [ TECHNICIAN Name] ],"Not found") -> Kapil Pal | AE19: =LEN(Tbl_DFR[[#This Row],[SAP]]) -> 18 | AF19: =IF(Tbl_DFR[[#This Row],[SAP LENGTH]]=18,"valid","check") -> valid
A20: 10 | B20: DEHRADUN | C20: =UPPER(TRIM(Tbl_DFR[[#This Row],[CMP]])) -> DEHRADUN | D20: Vivek Kumar | E20: UK17CA5597 | F20: ANIL | G20: I-UW-BLRN-ENB-9002 | H20: TXN100126016825 | I20: 45931 | J20: 45932 | K20: =IF(OR(Tbl_DFR[[#This Row],[Date of filling]]="WIP",Tbl_DFR[[#This Row],[Date of Invoice ]]=""),"",Tbl_DFR[[#This Row],[Date of filling]]-Tbl_DFR[[#This Row],[Date of Invoice ]]) -> 1 | L20: =IF(ISNUMBER(Tbl_DFR[[#This Row],[Invoice filling gape]]),"valid","check") -> valid | M20: 3534 | N20: 1102 | O20: 48 | P20: 80 | Q20: =IF(Tbl_DFR[[#This Row],[Filling Qty]]>=150,"high","normal") -> normal | R20: =IF(AND(Tbl_DFR[[#This Row],[CMP]]="HALDWANI",Tbl_DFR[[#This Row],[Filling Qty]]>=150),"yes","no") -> no | S20: =IF(Tbl_DFR[[#This Row],[Filling Qty]]>=150,"high",IF(Tbl_DFR[[#This Row],[Filling Qty]]>=80,"medium","low")) -> medium | T20: =P20+O20 -> 128 | U20: {=_xlfn.IFS(Tbl_DFR[[#This Row],[Filling Qty]]>=150,"HIGH",Tbl_DFR[[#This Row],[Filling Qty]]>=80,"medium",TRUE,"low")} -> medium | V20: =IF(OR(Tbl_DFR[[#This Row],[CMP]]="HALDWANI",Tbl_DFR[[#This Row],[CMP]]="DEHRADUN"),"YES","NO") -> YES | W20: 45931 | X20: 45931 | Y20: 45931 | Z20: =IFERROR(TEXT(Tbl_DFR[[#This Row],[Date of filling]],"mmm"),"WIP") -> Oct | AA20: =IFERROR(YEAR(Tbl_DFR[[#This Row],[Date of filling]]),"WIP") -> 2025 | AB20: =IFERROR(TEXT(Tbl_DFR[[#This Row],[Date of filling]],"ddd"),"WIP") -> Thu | AD20: =_xlfn.XLOOKUP(Tbl_DFR[[#This Row],[SAP]],Site_master[SAP ID],Site_master[ [ TECHNICIAN Name] ],"Not found") -> Ankit Lasiyal | AE20: =LEN(Tbl_DFR[[#This Row],[SAP]]) -> 18 | AF20: =IF(Tbl_DFR[[#This Row],[SAP LENGTH]]=18,"valid","check") -> valid
A21: 10 | B21: HALDWANI | C21: =UPPER(TRIM(Tbl_DFR[[#This Row],[CMP]])) -> HALDWANI | D21: Aashish Rai | E21: UP21ET8573 | F21: AMAN | G21: I-UW-BZPR-ENB-9022 | H21: 80853 | I21: 45931 | J21: 45931 | K21: =IF(OR(Tbl_DFR[[#This Row],[Date of filling]]="WIP",Tbl_DFR[[#This Row],[Date of Invoice ]]=""),"",Tbl_DFR[[#This Row],[Date of filling]]-Tbl_DFR[[#This Row],[Date of Invoice ]]) -> 0 | L21: =IF(ISNUMBER(Tbl_DFR[[#This Row],[Invoice filling gape]]),"valid","check") -> valid | M21: 16080 | N21: 4430 | O21: 17 | P21: 140 | Q21: =IF(Tbl_DFR[[#This Row],[Filling Qty]]>=150,"high","normal") -> normal | R21: =IF(AND(Tbl_DFR[[#This Row],[CMP]]="HALDWANI",Tbl_DFR[[#This Row],[Filling Qty]]>=150),"yes","no") -> no | S21: =IF(Tbl_DFR[[#This Row],[Filling Qty]]>=150,"high",IF(Tbl_DFR[[#This Row],[Filling Qty]]>=80,"medium","low")) -> medium | T21: =P21+O21 -> 157 | U21: {=_xlfn.IFS(Tbl_DFR[[#This Row],[Filling Qty]]>=150,"HIGH",Tbl_DFR[[#This Row],[Filling Qty]]>=80,"medium",TRUE,"low")} -> medium | V21: =IF(OR(Tbl_DFR[[#This Row],[CMP]]="HALDWANI",Tbl_DFR[[#This Row],[CMP]]="DEHRADUN"),"YES","NO") -> YES | W21: 45931 | Y21: 45931 | Z21: =IFERROR(TEXT(Tbl_DFR[[#This Row],[Date of filling]],"mmm"),"WIP") -> Oct | AA21: =IFERROR(YEAR(Tbl_DFR[[#This Row],[Date of filling]]),"WIP") -> 2025 | AB21: =IFERROR(TEXT(Tbl_DFR[[#This Row],[Date of filling]],"ddd"),"WIP") -> Wed | AD21: =_xlfn.XLOOKUP(Tbl_DFR[[#This Row],[SAP]],Site_master[SAP ID],Site_master[ [ TECHNICIAN Name] ],"Not found") -> Kapil Pal | AE21: =LEN(Tbl_DFR[[#This Row],[SAP]]) -> 18 | AF21: =IF(Tbl_DFR[[#This Row],[SAP LENGTH]]=18,"valid","check") -> valid
A22: 11 | B22: DEHRADUN | C22: =UPPER(TRIM(Tbl_DFR[[#This Row],[CMP]])) -> DEHRADUN | D22: Vivek Kumar | E22: UK17CA5597 | F22: ANIL | G22: I-UW-JHDR-ENB-9002 | H22: TXN100126016826 | I22: 45931 | J22: 45933 | K22: =IF(OR(Tbl_DFR[[#This Row],[Date of filling]]="WIP",Tbl_DFR[[#This Row],[Date of Invoice ]]=""),"",Tbl_DFR[[#This Row],[Date of filling]]-Tbl_DFR[[#This Row],[Date of Invoice ]]) -> 2 | L22: =IF(ISNUMBER(Tbl_DFR[[#This Row],[Invoice filling gape]]),"valid","check") -> valid | M22: 3713 | N22: 771 | O22: 66 | P22: 80 | Q22: =IF(Tbl_DFR[[#This Row],[Filling Qty]]>=150,"high","normal") -> normal | R22: =IF(AND(Tbl_DFR[[#This Row],[CMP]]="HALDWANI",Tbl_DFR[[#This Row],[Filling Qty]]>=150),"yes","no") -> no | S22: =IF(Tbl_DFR[[#This Row],[Filling Qty]]>=150,"high",IF(Tbl_DFR[[#This Row],[Filling Qty]]>=80,"medium","low")) -> medium | T22: =P22+O22 -> 146 | U22: {=_xlfn.IFS(Tbl_DFR[[#This Row],[Filling Qty]]>=150,"HIGH",Tbl_DFR[[#This Row],[Filling Qty]]>=80,"medium",TRUE,"low")} -> medium | V22: =IF(OR(Tbl_DFR[[#This Row],[CMP]]="HALDWANI",Tbl_DFR[[#This Row],[CMP]]="DEHRADUN"),"YES","NO") -> YES | W22: 45931 | X22: 45931 | Y22: 45931 | Z22: =IFERROR(TEXT(Tbl_DFR[[#This Row],[Date of filling]],"mmm"),"WIP") -> Oct | AA22: =IFERROR(YEAR(Tbl_DFR[[#This Row],[Date of filling]]),"WIP") -> 2025 | AB22: =IFERROR(TEXT(Tbl_DFR[[#This Row],[Date of filling]],"ddd"),"WIP") -> Fri | AD22: =_xlfn.XLOOKUP(Tbl_DFR[[#This Row],[SAP]],Site_master[SAP ID],Site_master[ [ TECHNICIAN Name] ],"Not found") -> Ashok Singh Ramola | AE22: =LEN(Tbl_DFR[[#This Row],[SAP]]) -> 18 | AF22: =IF(Tbl_DFR[[#This Row],[SAP LENGTH]]=18,"valid","check") -> valid
A23: 11 | B23: HALDWANI | C23: =UPPER(TRIM(Tbl_DFR[[#This Row],[CMP]])) -> HALDWANI | D23: Aashish Rai | E23: UP21ET8573 | F23: AMAN | G23: I-UW-BZPR-ENB-9025 | H23: 80853 | I23: 45931 | J23: 45931 | K23: =IF(OR(Tbl_DFR[[#This Row],[Date of filling]]="WIP",Tbl_DFR[[#This Row],[Date of Invoice ]]=""),"",Tbl_DFR[[#This Row],[Date of filling]]-Tbl_DFR[[#This Row],[Date of Invoice ]]) -> 0 | L23: =IF(ISNUMBER(Tbl_DFR[[#This Row],[Invoice filling gape]]),"valid","check") -> valid | M23: 9551 | N23: 1857 | O23: 18 | P23: 60 | Q23: =IF(Tbl_DFR[[#This Row],[Filling Qty]]>=150,"high","normal") -> normal | R23: =IF(AND(Tbl_DFR[[#This Row],[CMP]]="HALDWANI",Tbl_DFR[[#This Row],[Filling Qty]]>=150),"yes","no") -> no | S23: =IF(Tbl_DFR[[#This Row],[Filling Qty]]>=150,"high",IF(Tbl_DFR[[#This Row],[Filling Qty]]>=80,"medium","low")) -> low | T23: =P23+O23 -> 78 | U23: {=_xlfn.IFS(Tbl_DFR[[#This Row],[Filling Qty]]>=150,"HIGH",Tbl_DFR[[#This Row],[Filling Qty]]>=80,"medium",TRUE,"low")} -> low | V23: =IF(OR(Tbl_DFR[[#This Row],[CMP]]="HALDWANI",Tbl_DFR[[#This Row],[CMP]]="DEHRADUN"),"YES","NO") -> YES | W23: 45931 | Y23: 45931 | Z23: =IFERROR(TEXT(Tbl_DFR[[#This Row],[Date of filling]],"mmm"),"WIP") -> Oct | AA23: =IFERROR(YEAR(Tbl_DFR[[#This Row],[Date of filling]]),"WIP") -> 2025 | AB23: =IFERROR(TEXT(Tbl_DFR[[#This Row],[Date of filling]],"ddd"),"WIP") -> Wed | AD23: =_xlfn.XLOOKUP(Tbl_DFR[[#This Row],[SAP]],Site_master[SAP ID],Site_master[ [ TECHNICIAN Name] ],"Not found") -> Kapil Pal | AE23: =LEN(Tbl_DFR[[#This Row],[SAP]]) -> 18 | AF23: =IF(Tbl_DFR[[#This Row],[SAP LENGTH]]=18,"valid","check") -> valid
A24: 12 | B24: DEHRADUN | C24: =UPPER(TRIM(Tbl_DFR[[#This Row],[CMP]])) -> DEHRADUN | D24: Vivek Kumar | E24: UK17CA 5823 | F24: VINAY | G24: I-UW-CHRD-ENB-9038 | H24: TXN100126168123 | I24: 45932 | J24: 45933 | K24: =IF(OR(Tbl_DFR[[#This Row],[Date of filling]]="WIP",Tbl_DFR[[#This Row],[Date of Invoice ]]=""),"",Tbl_DFR[[#This Row],[Date of filling]]-Tbl_DFR[[#This Row],[Date of Invoice ]]) -> 1 | L24: =IF(ISNUMBER(Tbl_DFR[[#This Row],[Invoice filling gape]]),"valid","check") -> valid | M24: 1089 | N24: 242 | O24: 124 | P24: 100 | Q24: =IF(Tbl_DFR[[#This Row],[Filling Qty]]>=150,"high","normal") -> normal | R24: =IF(AND(Tbl_DFR[[#This Row],[CMP]]="HALDWANI",Tbl_DFR[[#This Row],[Filling Qty]]>=150),"yes","no") -> no | S24: =IF(Tbl_DFR[[#This Row],[Filling Qty]]>=150,"high",IF(Tbl_DFR[[#This Row],[Filling Qty]]>=80,"medium","low")) -> medium | T24: =P24+O24 -> 224 | U24: {=_xlfn.IFS(Tbl_DFR[[#This Row],[Filling Qty]]>=150,"HIGH",Tbl_DFR[[#This Row],[Filling Qty]]>=80,"medium",TRUE,"low")} -> medium | V24: =IF(OR(Tbl_DFR[[#This Row],[CMP]]="HALDWANI",Tbl_DFR[[#This Row],[CMP]]="DEHRADUN"),"YES","NO") -> YES | W24: 45932 | X24: 45931 | Y24: 45931 | Z24: =IFERROR(TEXT(Tbl_DFR[[#This Row],[Date of filling]],"mmm"),"WIP") -> Oct | AA24: =IFERROR(YEAR(Tbl_DFR[[#This Row],[Date of filling]]),"WIP") -> 2025 | AB24: =IFERROR(TEXT(Tbl_DFR[[#This Row],[Date of filling]],"ddd"),"WIP") -> Fri | AD24: =_xlfn.XLOOKUP(Tbl_DFR[[#This Row],[SAP]],Site_master[SAP ID],Site_master[ [ TECHNICIAN Name] ],"Not found") -> Jagat Singh Chauhan | AE24: =LEN(Tbl_DFR[[#This Row],[SAP]]) -> 18 | AF24: =IF(Tbl_DFR[[#This Row],[SAP LENGTH]]=18,"valid","check") -> valid
A25: 12 | B25: HALDWANI | C25: =UPPER(TRIM(Tbl_DFR[[#This Row],[CMP]])) -> HALDWANI | D25: Aashish Rai | E25: UP21ET8573 | F25: AMAN | G25: I-UW-BZPR-ENB-9026 | H25: 80853 | I25: 45931 | J25: 45931 | K25: =IF(OR(Tbl_DFR[[#This Row],[Date of filling]]="WIP",Tbl_DFR[[#This Row],[Date of Invoice ]]=""),"",Tbl_DFR[[#This Row],[Date of filling]]-Tbl_DFR[[#This Row],[Date of Invoice ]]) -> 0 | L25: =IF(ISNUMBER(Tbl_DFR[[#This Row],[Invoice filling gape]]),"valid","check") -> valid | M25: 11912 | N25: 2712 | O25: 28 | P25: 120 | Q25: =IF(Tbl_DFR[[#This Row],[Filling Qty]]>=150,"high","normal") -> normal | R25: =IF(AND(Tbl_DFR[[#This Row],[CMP]]="HALDWANI",Tbl_DFR[[#This Row],[Filling Qty]]>=150),"yes","no") -> no | S25: =IF(Tbl_DFR[[#This Row],[Filling Qty]]>=150,"high",IF(Tbl_DFR[[#This Row],[Filling Qty]]>=80,"medium","low")) -> medium | T25: =P25+O25 -> 148 | U25: {=_xlfn.IFS(Tbl_DFR[[#This Row],[Filling Qty]]>=150,"HIGH",Tbl_DFR[[#This Row],[Filling Qty]]>=80,"medium",TRUE,"low")} -> medium | V25: =IF(OR(Tbl_DFR[[#This Row],[CMP]]="HALDWANI",Tbl_DFR[[#This Row],[CMP]]="DEHRADUN"),"YES","NO") -> YES | W25: 45931 | X25: 0.60347222 | Y25: 45931 | Z25: =IFERROR(TEXT(Tbl_DFR[[#This Row],[Date of filling]],"mmm"),"WIP") -> Oct | AA25: =IFERROR(YEAR(Tbl_DFR[[#This Row],[Date of filling]]),"WIP") -> 2025 | AB25: =IFERROR(TEXT(Tbl_DFR[[#This Row],[Date of filling]],"ddd"),"WIP") -> Wed | AC25: Ankit | AD25: =_xlfn.XLOOKUP(Tbl_DFR[[#This Row],[SAP]],Site_master[SAP ID],Site_master[ [ TECHNICIAN Name] ],"Not found") -> Kapil Pal | AE25: =LEN(Tbl_DFR[[#This Row],[SAP]]) -> 18 | AF25: =IF(Tbl_DFR[[#This Row],[SAP LENGTH]]=18,"valid","check") -> valid
A26: 13 | B26: DEHRADUN | C26: =UPPER(TRIM(Tbl_DFR[[#This Row],[CMP]])) -> DEHRADUN | D26: Vivek Kumar | E26: UK17CA 5823 | F26: VINAY | G26: I-UW-MORI-ENB-9004 | H26: TXN100126168017 | I26: 45932 | J26: 45931 | K26: =IF(OR(Tbl_DFR[[#This Row],[Date of filling]]="WIP",Tbl_DFR[[#This Row],[Date of Invoice ]]=""),"",Tbl_DFR[[#This Row],[Date of filling]]-Tbl_DFR[[#This Row],[Date of Invoice ]]) -> -1 | L26: =IF(ISNUMBER(Tbl_DFR[[#This Row],[Invoice filling gape]]),"valid","check") -> valid | M26: 3935 | N26: 568 | O26: 0 | P26: 200 | Q26: =IF(Tbl_DFR[[#This Row],[Filling Qty]]>=150,"high","normal") -> high | R26: =IF(AND(Tbl_DFR[[#This Row],[CMP]]="HALDWANI",Tbl_DFR[[#This Row],[Filling Qty]]>=150),"yes","no") -> no | S26: =IF(Tbl_DFR[[#This Row],[Filling Qty]]>=150,"high",IF(Tbl_DFR[[#This Row],[Filling Qty]]>=80,"medium","low")) -> high | T26: =P26+O26 -> 200 | U26: {=_xlfn.IFS(Tbl_DFR[[#This Row],[Filling Qty]]>=150,"HIGH",Tbl_DFR[[#This Row],[Filling Qty]]>=80,"medium",TRUE,"low")} -> HIGH | V26: =IF(OR(Tbl_DFR[[#This Row],[CMP]]="HALDWANI",Tbl_DFR[[#This Row],[CMP]]="DEHRADUN"),"YES","NO") -> YES | W26: 45932 | X26: 45931 | Y26: 45931 | Z26: =IFERROR(TEXT(Tbl_DFR[[#This Row],[Date of filling]],"mmm"),"WIP") -> Oct | AA26: =IFERROR(YEAR(Tbl_DFR[[#This Row],[Date of filling]]),"WIP") -> 2025 | AB26: =IFERROR(TEXT(Tbl_DFR[[#This Row],[Date of filling]],"ddd"),"WIP") -> Wed | AD26: =_xlfn.XLOOKUP(Tbl_DFR[[#This Row],[SAP]],Site_master[SAP ID],Site_master[ [ TECHNICIAN Name] ],"Not found") -> Sandeep Kumar MORI | AE26: =LEN(Tbl_DFR[[#This Row],[SAP]]) -> 18 | AF26: =IF(Tbl_DFR[[#This Row],[SAP LENGTH]]=18,"valid","check") -> valid
A27: 13 | B27: HALDWANI | C27: =UPPER(TRIM(Tbl_DFR[[#This Row],[CMP]])) -> HALDWANI | D27: Aashish Rai | E27: UP21ET8573 | F27: AMAN | G27: I-UW-BZPR-ENB-9040 | H27: 80958 | I27: 45931 | J27: 45931 | K27: =IF(OR(Tbl_DFR[[#This Row],[Date of filling]]="WIP",Tbl_DFR[[#This Row],[Date of Invoice ]]=""),"",Tbl_DFR[[#This Row],[Date of filling]]-Tbl_DFR[[#This Row],[Date of Invoice ]]) -> 0 | L27: =IF(ISNUMBER(Tbl_DFR[[#This Row],[Invoice filling gape]]),"valid","check") -> valid | M27: 3694 | N27: 605 | O27: 45 | P27: 40 | Q27: =IF(Tbl_DFR[[#This Row],[Filling Qty]]>=150,"high","normal") -> normal | R27: =IF(AND(Tbl_DFR[[#This Row],[CMP]]="HALDWANI",Tbl_DFR[[#This Row],[Filling Qty]]>=150),"yes","no") -> no | S27: =IF(Tbl_DFR[[#This Row],[Filling Qty]]>=150,"high",IF(Tbl_DFR[[#This Row],[Filling Qty]]>=80,"medium","low")) -> low | T27: =P27+O27 -> 85 | U27: {=_xlfn.IFS(Tbl_DFR[[#This Row],[Filling Qty]]>=150,"HIGH",Tbl_DFR[[#This Row],[Filling Qty]]>=80,"medium",TRUE,"low")} -> low | V27: =IF(OR(Tbl_DFR[[#This Row],[CMP]]="HALDWANI",Tbl_DFR[[#This Row],[CMP]]="DEHRADUN"),"YES","NO") -> YES | W27: 45931 | X27: 0.58541667 | Y27: 45931 | Z27: =IFERROR(TEXT(Tbl_DFR[[#This Row],[Date of filling]],"mmm"),"WIP") -> Oct | AA27: =IFERROR(YEAR(Tbl_DFR[[#This Row],[Date of filling]]),"WIP") -> 2025 | AB27: =IFERROR(TEXT(Tbl_DFR[[#This Row],[Date of filling]],"ddd"),"WIP") -> Wed | AC27: Kapil Pal | AD27: =_xlfn.XLOOKUP(Tbl_DFR[[#This Row],[SAP]],Site_master[SAP ID],Site_master[ [ TECHNICIAN Name] ],"Not found") -> Kapil Pal | AE27: =LEN(Tbl_DFR[[#This Row],[SAP]]) -> 18 | AF27: =IF(Tbl_DFR[[#This Row],[SAP LENGTH]]=18,"valid","check") -> valid
A28: 14 | B28: DEHRADUN | C28: =UPPER(TRIM(Tbl_DFR[[#This Row],[CMP]])) -> DEHRADUN | D28: Vivek Kumar | E28: UK17CA 5823 | F28: VINAY | G28: I-UW-MORI-ENB-9009 | H28: TXN100126172174 | I28: 45932 | J28: 45932 | K28: =IF(OR(Tbl_DFR[[#This Row],[Date of filling]]="WIP",Tbl_DFR[[#This Row],[Date of Invoice ]]=""),"",Tbl_DFR[[#This Row],[Date of filling]]-Tbl_DFR[[#This Row],[Date of Invoice ]]) -> 0 | L28: =IF(ISNUMBER(Tbl_DFR[[#This Row],[Invoice filling gape]]),"valid","check") -> valid | M28: 27822 | N28: 5555 | O28: 0 | P28: 200 | Q28: =IF(Tbl_DFR[[#This Row],[Filling Qty]]>=150,"high","normal") -> high | R28: =IF(AND(Tbl_DFR[[#This Row],[CMP]]="HALDWANI",Tbl_DFR[[#This Row],[Filling Qty]]>=150),"yes","no") -> no | S28: =IF(Tbl_DFR[[#This Row],[Filling Qty]]>=150,"high",IF(Tbl_DFR[[#This Row],[Filling Qty]]>=80,"medium","low")) -> high | T28: =P28+O28 -> 200 | U28: {=_xlfn.IFS(Tbl_DFR[[#This Row],[Filling Qty]]>=150,"HIGH",Tbl_DFR[[#This Row],[Filling Qty]]>=80,"medium",TRUE,"low")} -> HIGH | V28: =IF(OR(Tbl_DFR[[#This Row],[CMP]]="HALDWANI",Tbl_DFR[[#This Row],[CMP]]="DEHRADUN"),"YES","NO") -> YES | W28: 45932 | X28: 45931 | Y28: 45931 | Z28: =IFERROR(TEXT(Tbl_DFR[[#This Row],[Date of filling]],"mmm"),"WIP") -> Oct | AA28: =IFERROR(YEAR(Tbl_DFR[[#This Row],[Date of filling]]),"WIP") -> 2025 | AB28: =IFERROR(TEXT(Tbl_DFR[[#This Row],[Date of filling]],"ddd"),"WIP") -> Thu | AD28: =_xlfn.XLOOKUP(Tbl_DFR[[#This Row],[SAP]],Site_master[SAP ID],Site_master[ [ TECHNICIAN Name] ],"Not found") -> Sandeep Kumar MORI | AE28: =LEN(Tbl_DFR[[#This Row],[SAP]]) -> 18 | AF28: =IF(Tbl_DFR[[#This Row],[SAP LENGTH]]=18,"valid","check") -> valid
A29: 14 | B29: HALDWANI | C29: =UPPER(TRIM(Tbl_DFR[[#This Row],[CMP]])) -> HALDWANI | D29: Aashish Rai | E29: UP21ET8573 | F29: AMAN | G29: I-UW-BZPR-ENB-9041 | H29: 80958 | I29: 45931 | J29: 45932 | K29: =IF(OR(Tbl_DFR[[#This Row],[Date of filling]]="WIP",Tbl_DFR[[#This Row],[Date of Invoice ]]=""),"",Tbl_DFR[[#This Row],[Date of filling]]-Tbl_DFR[[#This Row],[Date of Invoice ]]) -> 1 | L29: =IF(ISNUMBER(Tbl_DFR[[#This Row],[Invoice filling gape]]),"valid","check") -> valid | M29: 10444 | N29: 3251 | O29: 30 | P29: 40 | Q29: =IF(Tbl_DFR[[#This Row],[Filling Qty]]>=150,"high","normal") -> normal | R29: =IF(AND(Tbl_DFR[[#This Row],[CMP]]="HALDWANI",Tbl_DFR[[#This Row],[Filling Qty]]>=150),"yes","no") -> no | S29: =IF(Tbl_DFR[[#This Row],[Filling Qty]]>=150,"high",IF(Tbl_DFR[[#This Row],[Filling Qty]]>=80,"medium","low")) -> low | T29: =P29+O29 -> 70 | U29: {=_xlfn.IFS(Tbl_DFR[[#This Row],[Filling Qty]]>=150,"HIGH",Tbl_DFR[[#This Row],[Filling Qty]]>=80,"medium",TRUE,"low")} -> low | V29: =IF(OR(Tbl_DFR[[#This Row],[CMP]]="HALDWANI",Tbl_DFR[[#This Row],[CMP]]="DEHRADUN"),"YES","NO") -> YES | W29: 45932 | Y29: 45931 | Z29: =IFERROR(TEXT(Tbl_DFR[[#This Row],[Date of filling]],"mmm"),"WIP") -> Oct | AA29: =IFERROR(YEAR(Tbl_DFR[[#This Row],[Date of filling]]),"WIP") -> 2025 | AB29: =IFERROR(TEXT(Tbl_DFR[[#This Row],[Date of filling]],"ddd"),"WIP") -> Thu | AD29: =_xlfn.XLOOKUP(Tbl_DFR[[#This Row],[SAP]],Site_master[SAP ID],Site_master[ [ TECHNICIAN Name] ],"Not found") -> Kapil Pal | AE29: =LEN(Tbl_DFR[[#This Row],[SAP]]) -> 18 | AF29: =IF(Tbl_DFR[[#This Row],[SAP LENGTH]]=18,"valid","check") -> valid
A30: 15 | B30: DEHRADUN | C30: =UPPER(TRIM(Tbl_DFR[[#This Row],[CMP]])) -> DEHRADUN | D30: Vivek Kumar | E30: UK17CA 5823 | F30: VINAY | G30: I-UW-SAKI-ENB-9008 | H30: TXN100126172174 | I30: 45932 | J30: 45932 | K30: =IF(OR(Tbl_DFR[[#This Row],[Date of filling]]="WIP",Tbl_DFR[[#This Row],[Date of Invoice ]]=""),"",Tbl_DFR[[#This Row],[Date of filling]]-Tbl_DFR[[#This Row],[Date of Invoice ]]) -> 0 | L30: =IF(ISNUMBER(Tbl_DFR[[#This Row],[Invoice filling gape]]),"valid","check") -> valid | M30: 13002 | N30: 2030 | O30: 58 | P30: 140 | Q30: =IF(Tbl_DFR[[#This Row],[Filling Qty]]>=150,"high","normal") -> normal | R30: =IF(AND(Tbl_DFR[[#This Row],[CMP]]="HALDWANI",Tbl_DFR[[#This Row],[Filling Qty]]>=150),"yes","no") -> no | S30: =IF(Tbl_DFR[[#This Row],[Filling Qty]]>=150,"high",IF(Tbl_DFR[[#This Row],[Filling Qty]]>=80,"medium","low")) -> medium | T30: =P30+O30 -> 198 | U30: {=_xlfn.IFS(Tbl_DFR[[#This Row],[Filling Qty]]>=150,"HIGH",Tbl_DFR[[#This Row],[Filling Qty]]>=80,"medium",TRUE,"low")} -> medium | V30: =IF(OR(Tbl_DFR[[#This Row],[CMP]]="HALDWANI",Tbl_DFR[[#This Row],[CMP]]="DEHRADUN"),"YES","NO") -> YES | W30: 45932 | X30: 45931 | Y30: 45931 | Z30: =IFERROR(TEXT(Tbl_DFR[[#This Row],[Date of filling]],"mmm"),"WIP") -> Oct | AA30: =IFERROR(YEAR(Tbl_DFR[[#This Row],[Date of filling]]),"WIP") -> 2025 | AB30: =IFERROR(TEXT(Tbl_DFR[[#This Row],[Date of filling]],"ddd"),"WIP") -> Thu | AD30: =_xlfn.XLOOKUP(Tbl_DFR[[#This Row],[SAP]],Site_master[SAP ID],Site_master[ [ TECHNICIAN Name] ],"Not found") -> Sandeep Kumar MORI | AE30: =LEN(Tbl_DFR[[#This Row],[SAP]]) -> 18 | AF30: =IF(Tbl_DFR[[#This Row],[SAP LENGTH]]=18,"valid","check") -> valid
A31: 15 | B31: HALDWANI | C31: =UPPER(TRIM(Tbl_DFR[[#This Row],[CMP]])) -> HALDWANI | D31: Aashish Rai | E31: UP21ET8573 | F31: AMAN | G31: I-UW-BZPR-ENB-9042 | H31: 80853 | I31: 45931 | J31: 45931 | K31: =IF(OR(Tbl_DFR[[#This Row],[Date of filling]]="WIP",Tbl_DFR[[#This Row],[Date of Invoice ]]=""),"",Tbl_DFR[[#This Row],[Date of filling]]-Tbl_DFR[[#This Row],[Date of Invoice ]]) -> 0 | L31: =IF(ISNUMBER(Tbl_DFR[[#This Row],[Invoice filling gape]]),"valid","check") -> valid | M31: 5958 | N31: 1228 | O31: 21 | P31: 60 | Q31: =IF(Tbl_DFR[[#This Row],[Filling Qty]]>=150,"high","normal") -> normal | R31: =IF(AND(Tbl_DFR[[#This Row],[CMP]]="HALDWANI",Tbl_DFR[[#This Row],[Filling Qty]]>=150),"yes","no") -> no | S31: =IF(Tbl_DFR[[#This Row],[Filling Qty]]>=150,"high",IF(Tbl_DFR[[#This Row],[Filling Qty]]>=80,"medium","low")) -> low | T31: =P31+O31 -> 81 | U31: {=_xlfn.IFS(Tbl_DFR[[#This Row],[Filling Qty]]>=150,"HIGH",Tbl_DFR[[#This Row],[Filling Qty]]>=80,"medium",TRUE,"low")} -> low | V31: =IF(OR(Tbl_DFR[[#This Row],[CMP]]="HALDWANI",Tbl_DFR[[#This Row],[CMP]]="DEHRADUN"),"YES","NO") -> YES | W31: 45931 | Y31: 45931 | Z31: =IFERROR(TEXT(Tbl_DFR[[#This Row],[Date of filling]],"mmm"),"WIP") -> Oct | AA31: =IFERROR(YEAR(Tbl_DFR[[#This Row],[Date of filling]]),"WIP") -> 2025 | AB31: =IFERROR(TEXT(Tbl_DFR[[#This Row],[Date of filling]],"ddd"),"WIP") -> Wed | AD31: =_xlfn.XLOOKUP(Tbl_DFR[[#This Row],[SAP]],Site_master[SAP ID],Site_master[ [ TECHNICIAN Name] ],"Not found") -> Kapil Pal | AE31: =LEN(Tbl_DFR[[#This Row],[SAP]]) -> 18 | AF31: =IF(Tbl_DFR[[#This Row],[SAP LENGTH]]=18,"valid","check") -> valid
A32: 16 | B32: DEHRADUN | C32: =UPPER(TRIM(Tbl_DFR[[#This Row],[CMP]])) -> DEHRADUN | D32: Vivek Kumar | E32: UK17CA 5823 | F32: VINAY | G32: I-UW-MORI-ENB-9018 | H32: TXN100126172174 | I32: 45932 | J32: 45932 | K32: =IF(OR(Tbl_DFR[[#This Row],[Date of filling]]="WIP",Tbl_DFR[[#This Row],[Date of Invoice ]]=""),"",Tbl_DFR[[#This Row],[Date of filling]]-Tbl_DFR[[#This Row],[Date of Invoice ]]) -> 0 | L32: =IF(ISNUMBER(Tbl_DFR[[#This Row],[Invoice filling gape]]),"valid","check") -> valid | M32: 6603 | N32: 1354 | O32: 95 | P32: 100 | Q32: =IF(Tbl_DFR[[#This Row],[Filling Qty]]>=150,"high","normal") -> normal | R32: =IF(AND(Tbl_DFR[[#This Row],[CMP]]="HALDWANI",Tbl_DFR[[#This Row],[Filling Qty]]>=150),"yes","no") -> no | S32: =IF(Tbl_DFR[[#This Row],[Filling Qty]]>=150,"high",IF(Tbl_DFR[[#This Row],[Filling Qty]]>=80,"medium","low")) -> medium | T32: =P32+O32 -> 195 | U32: {=_xlfn.IFS(Tbl_DFR[[#This Row],[Filling Qty]]>=150,"HIGH",Tbl_DFR[[#This Row],[Filling Qty]]>=80,"medium",TRUE,"low")} -> medium | V32: =IF(OR(Tbl_DFR[[#This Row],[CMP]]="HALDWANI",Tbl_DFR[[#This Row],[CMP]]="DEHRADUN"),"YES","NO") -> YES | W32: 45932 | X32: 45931 | Y32: 45931 | Z32: =IFERROR(TEXT(Tbl_DFR[[#This Row],[Date of filling]],"mmm"),"WIP") -> Oct | AA32: =IFERROR(YEAR(Tbl_DFR[[#This Row],[Date of filling]]),"WIP") -> 2025 | AB32: =IFERROR(TEXT(Tbl_DFR[[#This Row],[Date of filling]],"ddd"),"WIP") -> Thu | AD32: =_xlfn.XLOOKUP(Tbl_DFR[[#This Row],[SAP]],Site_master[SAP ID],Site_master[ [ TECHNICIAN Name] ],"Not found") -> Yashpal Bhandari | AE32: =LEN(Tbl_DFR[[#This Row],[SAP]]) -> 18 | AF32: =IF(Tbl_DFR[[#This Row],[SAP LENGTH]]=18,"valid","check") -> valid
A33: 16 | B33: HALDWANI | C33: =UPPER(TRIM(Tbl_DFR[[#This Row],[CMP]])) -> HALDWANI | D33: Aashish Rai | E33: UP21ET8573 | F33: AMAN | G33: I-UW-BZPR-ENB-9048 | H33: 80958 | I33: 45931 | J33: 45931 | K33: =IF(OR(Tbl_DFR[[#This Row],[Date of filling]]="WIP",Tbl_DFR[[#This Row],[Date of Invoice ]]=""),"",Tbl_DFR[[#This Row],[Date of filling]]-Tbl_DFR[[#This Row],[Date of Invoice ]]) -> 0 | L33: =IF(ISNUMBER(Tbl_DFR[[#This Row],[Invoice filling gape]]),"valid","check") -> valid | M33: 6593 | N33: 1394 | O33: 65 | P33: 40 | Q33: =IF(Tbl_DFR[[#This Row],[Filling Qty]]>=150,"high","normal") -> normal | R33: =IF(AND(Tbl_DFR[[#This Row],[CMP]]="HALDWANI",Tbl_DFR[[#This Row],[Filling Qty]]>=150),"yes","no") -> no | S33: =IF(Tbl_DFR[[#This Row],[Filling Qty]]>=150,"high",IF(Tbl_DFR[[#This Row],[Filling Qty]]>=80,"medium","low")) -> low | T33: =P33+O33 -> 105 | U33: {=_xlfn.IFS(Tbl_DFR[[#This Row],[Filling Qty]]>=150,"HIGH",Tbl_DFR[[#This Row],[Filling Qty]]>=80,"medium",TRUE,"low")} -> low | V33: =IF(OR(Tbl_DFR[[#This Row],[CMP]]="HALDWANI",Tbl_DFR[[#This Row],[CMP]]="DEHRADUN"),"YES","NO") -> YES | W33: 45931 | Y33: 45931 | Z33: =IFERROR(TEXT(Tbl_DFR[[#This Row],[Date of filling]],"mmm"),"WIP") -> Oct | AA33: =IFERROR(YEAR(Tbl_DFR[[#This Row],[Date of filling]]),"WIP") -> 2025 | AB33: =IFERROR(TEXT(Tbl_DFR[[#This Row],[Date of filling]],"ddd"),"WIP") -> Wed | AD33: =_xlfn.XLOOKUP(Tbl_DFR[[#This Row],[SAP]],Site_master[SAP ID],Site_master[ [ TECHNICIAN Name] ],"Not found") -> Kapil Pal | AE33: =LEN(Tbl_DFR[[#This Row],[SAP]]) -> 18 | AF33: =IF(Tbl_DFR[[#This Row],[SAP LENGTH]]=18,"valid","check") -> valid
A34: 17 | B34: DEHRADUN | C34: =UPPER(TRIM(Tbl_DFR[[#This Row],[CMP]])) -> DEHRADUN | D34: Vivek Kumar | E34: UK17CA5176 | F34: ASHISH | G34: I-UW-JWGH-ENB-9001 | H34: 120301 | I34: 45933 | J34: 45933 | K34: =IF(OR(Tbl_DFR[[#This Row],[Date of filling]]="WIP",Tbl_DFR[[#This Row],[Date of Invoice ]]=""),"",Tbl_DFR[[#This Row],[Date of filling]]-Tbl_DFR[[#This Row],[Date of Invoice ]]) -> 0 | L34: =IF(ISNUMBER(Tbl_DFR[[#This Row],[Invoice filling gape]]),"valid","check") -> valid | M34: 7738 | N34: 1551 | O34: 20 | P34: 80 | Q34: =IF(Tbl_DFR[[#This Row],[Filling Qty]]>=150,"high","normal") -> normal | R34: =IF(AND(Tbl_DFR[[#This Row],[CMP]]="HALDWANI",Tbl_DFR[[#This Row],[Filling Qty]]>=150),"yes","no") -> no | S34: =IF(Tbl_DFR[[#This Row],[Filling Qty]]>=150,"high",IF(Tbl_DFR[[#This Row],[Filling Qty]]>=80,"medium","low")) -> medium | T34: =P34+O34 -> 100 | U34: {=_xlfn.IFS(Tbl_DFR[[#This Row],[Filling Qty]]>=150,"HIGH",Tbl_DFR[[#This Row],[Filling Qty]]>=80,"medium",TRUE,"low")} -> medium | V34: =IF(OR(Tbl_DFR[[#This Row],[CMP]]="HALDWANI",Tbl_DFR[[#This Row],[CMP]]="DEHRADUN"),"YES","NO") -> YES | W34: 45933 | X34: 45931 | Y34: 45931 | Z34: =IFERROR(TEXT(Tbl_DFR[[#This Row],[Date of filling]],"mmm"),"WIP") -> Oct | AA34: =IFERROR(YEAR(Tbl_DFR[[#This Row],[Date of filling]]),"WIP") -> 2025 | AB34: =IFERROR(TEXT(Tbl_DFR[[#This Row],[Date of filling]],"ddd"),"WIP") -> Fri | AD34: =_xlfn.XLOOKUP(Tbl_DFR[[#This Row],[SAP]],Site_master[SAP ID],Site_master[ [ TECHNICIAN Name] ],"Not found") -> Sandeep Kumar Saini | AE34: =LEN(Tbl_DFR[[#This Row],[SAP]]) -> 18 | AF34: =IF(Tbl_DFR[[#This Row],[SAP LENGTH]]=18,"valid","check") -> valid
A35: 17 | B35: HALDWANI | C35: =UPPER(TRIM(Tbl_DFR[[#This Row],[CMP]])) -> HALDWANI | D35: Aashish Rai | E35: UP21ET8573 | F35: AMAN | G35: I-UW-BZPR-ENB-9053 | H35: 80958 | I35: 45931 | J35: 45931 | K35: =IF(OR(Tbl_DFR[[#This Row],[Date of filling]]="WIP",Tbl_DFR[[#This Row],[Date of Invoice ]]=""),"",Tbl_DFR[[#This Row],[Date of filling]]-Tbl_DFR[[#This Row],[Date of Invoice ]]) -> 0 | L35: =IF(ISNUMBER(Tbl_DFR[[#This Row],[Invoice filling gape]]),"valid","check") -> valid | M35: 8560 | N35: 1593 | O35: 30 | P35: 40 | Q35: =IF(Tbl_DFR[[#This Row],[Filling Qty]]>=150,"high","normal") -> normal | R35: =IF(AND(Tbl_DFR[[#This Row],[CMP]]="HALDWANI",Tbl_DFR[[#This Row],[Filling Qty]]>=150),"yes","no") -> no | S35: =IF(Tbl_DFR[[#This Row],[Filling Qty]]>=150,"high",IF(Tbl_DFR[[#This Row],[Filling Qty]]>=80,"medium","low")) -> low | T35: =P35+O35 -> 70 | U35: {=_xlfn.IFS(Tbl_DFR[[#This Row],[Filling Qty]]>=150,"HIGH",Tbl_DFR[[#This Row],[Filling Qty]]>=80,"medium",TRUE,"low")} -> low | V35: =IF(OR(Tbl_DFR[[#This Row],[CMP]]="HALDWANI",Tbl_DFR[[#This Row],[CMP]]="DEHRADUN"),"YES","NO") -> YES | W35: 45931 | X35: 0.44513889 | Y35: 45931 | Z35: =IFERROR(TEXT(Tbl_DFR[[#This Row],[Date of filling]],"mmm"),"WIP") -> Oct | AA35: =IFERROR(YEAR(Tbl_DFR[[#This Row],[Date of filling]]),"WIP") -> 2025 | AB35: =IFERROR(TEXT(Tbl_DFR[[#This Row],[Date of filling]],"ddd"),"WIP") -> Wed | AC35: Ankit | AD35: =_xlfn.XLOOKUP(Tbl_DFR[[#This Row],[SAP]],Site_master[SAP ID],Site_master[ [ TECHNICIAN Name] ],"Not found") -> Kapil Pal | AE35: =LEN(Tbl_DFR[[#This Row],[SAP]]) -> 18 | AF35: =IF(Tbl_DFR[[#This Row],[SAP LENGTH]]=18,"valid","check") -> valid
A36: 18 | B36: DEHRADUN | C36: =UPPER(TRIM(Tbl_DFR[[#This Row],[CMP]])) -> DEHRADUN | D36: Vivek Kumar | E36: UK17CA5176 | F36: ASHISH | G36: I-UW-DRDN-ENB-0582 | H36: 120301 | I36: 45933 | J36: 45935 | K36: =IF(OR(Tbl_DFR[[#This Row],[Date of filling]]="WIP",Tbl_DFR[[#This Row],[Date of Invoice ]]=""),"",Tbl_DFR[[#This Row],[Date of filling]]-Tbl_DFR[[#This Row],[Date of Invoice ]]) -> 2 | L36: =IF(ISNUMBER(Tbl_DFR[[#This Row],[Invoice filling gape]]),"valid","check") -> valid | M36: 10331 | N36: 3468 | O36: 50 | P36: 80 | Q36: =IF(Tbl_DFR[[#This Row],[Filling Qty]]>=150,"high","normal") -> normal | R36: =IF(AND(Tbl_DFR[[#This Row],[CMP]]="HALDWANI",Tbl_DFR[[#This Row],[Filling Qty]]>=150),"yes","no") -> no | S36: =IF(Tbl_DFR[[#This Row],[Filling Qty]]>=150,"high",IF(Tbl_DFR[[#This Row],[Filling Qty]]>=80,"medium","low")) -> medium | T36: =P36+O36 -> 130 | U36: {=_xlfn.IFS(Tbl_DFR[[#This Row],[Filling Qty]]>=150,"HIGH",Tbl_DFR[[#This Row],[Filling Qty]]>=80,"medium",TRUE,"low")} -> medium | V36: =IF(OR(Tbl_DFR[[#This Row],[CMP]]="HALDWANI",Tbl_DFR[[#This Row],[CMP]]="DEHRADUN"),"YES","NO") -> YES | W36: 45933 | X36: 45931 | Y36: 45931 | Z36: =IFERROR(TEXT(Tbl_DFR[[#This Row],[Date of filling]],"mmm"),"WIP") -> Oct | AA36: =IFERROR(YEAR(Tbl_DFR[[#This Row],[Date of filling]]),"WIP") -> 2025 | AB36: =IFERROR(TEXT(Tbl_DFR[[#This Row],[Date of filling]],"ddd"),"WIP") -> Sun | AD36: =_xlfn.XLOOKUP(Tbl_DFR[[#This Row],[SAP]],Site_master[SAP ID],Site_master[ [ TECHNICIAN Name] ],"Not found") -> Amit Saini | AE36: =LEN(Tbl_DFR[[#This Row],[SAP]]) -> 18 | AF36: =IF(Tbl_DFR[[#This Row],[SAP LENGTH]]=18,"valid","check") -> valid
A37: 18 | B37: HALDWANI | C37: =UPPER(TRIM(Tbl_DFR[[#This Row],[CMP]])) -> HALDWANI | D37: Aashish Rai | E37: UK03CA2120 | F37: DEEPAK | G37: I-UW-CPWT-ENB-9021 | H37: TXN100125969053 | I37: 45931 | J37: 45932 | K37: =IF(OR(Tbl_DFR[[#This Row],[Date of filling]]="WIP",Tbl_DFR[[#This Row],[Date of Invoice ]]=""),"",Tbl_DFR[[#This Row],[Date of filling]]-Tbl_DFR[[#This Row],[Date of Invoice ]]) -> 1 | L37: =IF(ISNUMBER(Tbl_DFR[[#This Row],[Invoice filling gape]]),"valid","check") -> valid | M37: 5076 | N37: 532 | O37: 74 | P37: 80 | Q37: =IF(Tbl_DFR[[#This Row],[Filling Qty]]>=150,"high","normal") -> normal | R37: =IF(AND(Tbl_DFR[[#This Row],[CMP]]="HALDWANI",Tbl_DFR[[#This Row],[Filling Qty]]>=150),"yes","no") -> no | S37: =IF(Tbl_DFR[[#This Row],[Filling Qty]]>=150,"high",IF(Tbl_DFR[[#This Row],[Filling Qty]]>=80,"medium","low")) -> medium | T37: =P37+O37 -> 154 | U37: {=_xlfn.IFS(Tbl_DFR[[#This Row],[Filling Qty]]>=150,"HIGH",Tbl_DFR[[#This Row],[Filling Qty]]>=80,"medium",TRUE,"low")} -> medium | V37: =IF(OR(Tbl_DFR[[#This Row],[CMP]]="HALDWANI",Tbl_DFR[[#This Row],[CMP]]="DEHRADUN"),"YES","NO") -> YES | W37: 45932 | Y37: 45931 | Z37: =IFERROR(TEXT(Tbl_DFR[[#This Row],[Date of filling]],"mmm"),"WIP") -> Oct | AA37: =IFERROR(YEAR(Tbl_DFR[[#This Row],[Date of filling]]),"WIP") -> 2025 | AB37: =IFERROR(TEXT(Tbl_DFR[[#This Row],[Date of filling]],"ddd"),"WIP") -> Thu | AD37: =_xlfn.XLOOKUP(Tbl_DFR[[#This Row],[SAP]],Site_master[SAP ID],Site_master[ [ TECHNICIAN Name] ],"Not found") -> Deepak Joshi | AE37: =LEN(Tbl_DFR[[#This Row],[SAP]]) -> 18 | AF37: =IF(Tbl_DFR[[#This Row],[SAP LENGTH]]=18,"valid","check") -> valid
A38: 19 | B38: DEHRADUN | C38: =UPPER(TRIM(Tbl_DFR[[#This Row],[CMP]])) -> DEHRADUN | D38: Vivek Kumar | E38: UK17CA5176 | F38: ASHISH | G38: I-UW-DRDN-ENB-0400 | H38: 120301 | I38: 45933 | J38: 45935 | K38: =IF(OR(Tbl_DFR[[#This Row],[Date of filling]]="WIP",Tbl_DFR[[#This Row],[Date of Invoice ]]=""),"",Tbl_DFR[[#This Row],[Date of filling]]-Tbl_DFR[[#This Row],[Date of Invoice ]]) -> 2 | L38: =IF(ISNUMBER(Tbl_DFR[[#This Row],[Invoice filling gape]]),"valid","check") -> valid | M38: 10609 | N38: 2417 | O38: 62 | P38: 80 | Q38: =IF(Tbl_DFR[[#This Row],[Filling Qty]]>=150,"high","normal") -> normal | R38: =IF(AND(Tbl_DFR[[#This Row],[CMP]]="HALDWANI",Tbl_DFR[[#This Row],[Filling Qty]]>=150),"yes","no") -> no | S38: =IF(Tbl_DFR[[#This Row],[Filling Qty]]>=150,"high",IF(Tbl_DFR[[#This Row],[Filling Qty]]>=80,"medium","low")) -> medium | T38: =P38+O38 -> 142 | U38: {=_xlfn.IFS(Tbl_DFR[[#This Row],[Filling Qty]]>=150,"HIGH",Tbl_DFR[[#This Row],[Filling Qty]]>=80,"medium",TRUE,"low")} -> medium | V38: =IF(OR(Tbl_DFR[[#This Row],[CMP]]="HALDWANI",Tbl_DFR[[#This Row],[CMP]]="DEHRADUN"),"YES","NO") -> YES | W38: 45933 | X38: 45931 | Y38: 45931 | Z38: =IFERROR(TEXT(Tbl_DFR[[#This Row],[Date of filling]],"mmm"),"WIP") -> Oct | AA38: =IFERROR(YEAR(Tbl_DFR[[#This Row],[Date of filling]]),"WIP") -> 2025 | AB38: =IFERROR(TEXT(Tbl_DFR[[#This Row],[Date of filling]],"ddd"),"WIP") -> Sun | AD38: =_xlfn.XLOOKUP(Tbl_DFR[[#This Row],[SAP]],Site_master[SAP ID],Site_master[ [ TECHNICIAN Name] ],"Not found") -> Amit Saini | AE38: =LEN(Tbl_DFR[[#This Row],[SAP]]) -> 18 | AF38: =IF(Tbl_DFR[[#This Row],[SAP LENGTH]]=18,"valid","check") -> valid
A39: 19 | B39: HALDWANI | C39: =UPPER(TRIM(Tbl_DFR[[#This Row],[CMP]])) -> HALDWANI | D39: Aashish Rai | E39: UK03CA2120 | F39: DEEPAK | G39: I-UW-CPWT-ENB-9030 | H39: TXN100125969053 | I39: 45931 | J39: 45931 | K39: =IF(OR(Tbl_DFR[[#This Row],[Date of filling]]="WIP",Tbl_DFR[[#This Row],[Date of Invoice ]]=""),"",Tbl_DFR[[#This Row],[Date of filling]]-Tbl_DFR[[#This Row],[Date of Invoice ]]) -> 0 | L39: =IF(ISNUMBER(Tbl_DFR[[#This Row],[Invoice filling gape]]),"valid","check") -> valid | M39: 2733 | N39: 659 | O39: 30 | P39: 80 | Q39: =IF(Tbl_DFR[[#This Row],[Filling Qty]]>=150,"high","normal") -> normal | R39: =IF(AND(Tbl_DFR[[#This Row],[CMP]]="HALDWANI",Tbl_DFR[[#This Row],[Filling Qty]]>=150),"yes","no") -> no | S39: =IF(Tbl_DFR[[#This Row],[Filling Qty]]>=150,"high",IF(Tbl_DFR[[#This Row],[Filling Qty]]>=80,"medium","low")) -> medium | T39: =P39+O39 -> 110 | U39: {=_xlfn.IFS(Tbl_DFR[[#This Row],[Filling Qty]]>=150,"HIGH",Tbl_DFR[[#This Row],[Filling Qty]]>=80,"medium",TRUE,"low")} -> medium | V39: =IF(OR(Tbl_DFR[[#This Row],[CMP]]="HALDWANI",Tbl_DFR[[#This Row],[CMP]]="DEHRADUN"),"YES","NO") -> YES | W39: 45931 | X39: 0.65208333 | Y39: 45931 | Z39: =IFERROR(TEXT(Tbl_DFR[[#This Row],[Date of filling]],"mmm"),"WIP") -> Oct | AA39: =IFERROR(YEAR(Tbl_DFR[[#This Row],[Date of filling]]),"WIP") -> 2025 | AB39: =IFERROR(TEXT(Tbl_DFR[[#This Row],[Date of filling]],"ddd"),"WIP") -> Wed | AC39: Deepak Chandra Joshi | AD39: =_xlfn.XLOOKUP(Tbl_DFR[[#This Row],[SAP]],Site_master[SAP ID],Site_master[ [ TECHNICIAN Name] ],"Not found") -> Deepak Joshi | AE39: =LEN(Tbl_DFR[[#This Row],[SAP]]) -> 18 | AF39: =IF(Tbl_DFR[[#This Row],[SAP LENGTH]]=18,"valid","check") -> valid
A40: 20 | B40: DEHRADUN | C40: =UPPER(TRIM(Tbl_DFR[[#This Row],[CMP]])) -> DEHRADUN | D40: Vivek Kumar | E40: UK17CA5597 | F40: ANIL | G40: I-UW-DNUI-ENB-9040 | H40: TXN100126290150 | I40: 45933 | J40: 45935 | K40: =IF(OR(Tbl_DFR[[#This Row],[Date of filling]]="WIP",Tbl_DFR[[#This Row],[Date of Invoice ]]=""),"",Tbl_DFR[[#This Row],[Date of filling]]-Tbl_DFR[[#This Row],[Date of Invoice ]]) -> 2 | L40: =IF(ISNUMBER(Tbl_DFR[[#This Row],[Invoice filling gape]]),"valid","check") -> valid | M40: 2772 | N40: 887 | O40: 53 | P40: 80 | Q40: =IF(Tbl_DFR[[#This Row],[Filling Qty]]>=150,"high","normal") -> normal | R40: =IF(AND(Tbl_DFR[[#This Row],[CMP]]="HALDWANI",Tbl_DFR[[#This Row],[Filling Qty]]>=150),"yes","no") -> no | S40: =IF(Tbl_DFR[[#This Row],[Filling Qty]]>=150,"high",IF(Tbl_DFR[[#This Row],[Filling Qty]]>=80,"medium","low")) -> medium | T40: =P40+O40 -> 133 | U40: {=_xlfn.IFS(Tbl_DFR[[#This Row],[Filling Qty]]>=150,"HIGH",Tbl_DFR[[#This Row],[Filling Qty]]>=80,"medium",TRUE,"low")} -> medium | V40: =IF(OR(Tbl_DFR[[#This Row],[CMP]]="HALDWANI",Tbl_DFR[[#This Row],[CMP]]="DEHRADUN"),"YES","NO") -> YES | W40: 45933 | X40: 45931 | Y40: 45931 | Z40: =IFERROR(TEXT(Tbl_DFR[[#This Row],[Date of filling]],"mmm"),"WIP") -> Oct | AA40: =IFERROR(YEAR(Tbl_DFR[[#This Row],[Date of filling]]),"WIP") -> 2025 | AB40: =IFERROR(TEXT(Tbl_DFR[[#This Row],[Date of filling]],"ddd"),"WIP") -> Sun | AD40: =_xlfn.XLOOKUP(Tbl_DFR[[#This Row],[SAP]],Site_master[SAP ID],Site_master[ [ TECHNICIAN Name] ],"Not found") -> Vinod Uniyal | AE40: =LEN(Tbl_DFR[[#This Row],[SAP]]) -> 18 | AF40: =IF(Tbl_DFR[[#This Row],[SAP LENGTH]]=18,"valid","check") -> valid
A41: 20 | B41: HALDWANI | C41: =UPPER(TRIM(Tbl_DFR[[#This Row],[CMP]])) -> HALDWANI | D41: Aashish Rai | E41: UK03CA2120 | F41: DEEPAK | G41: I-UW-CPWT-ENB-9043 | H41: TXN100125969053 | I41: 45931 | J41: 45931 | K41: =IF(OR(Tbl_DFR[[#This Row],[Date of filling]]="WIP",Tbl_DFR[[#This Row],[Date of Invoice ]]=""),"",Tbl_DFR[[#This Row],[Date of filling]]-Tbl_DFR[[#This Row],[Date of Invoice ]]) -> 0 | L41: =IF(ISNUMBER(Tbl_DFR[[#This Row],[Invoice filling gape]]),"valid","check") -> valid | M41: 5376 | N41: 1293 | O41: 102 | P41: 80 | Q41: =IF(Tbl_DFR[[#This Row],[Filling Qty]]>=150,"high","normal") -> normal | R41: =IF(AND(Tbl_DFR[[#This Row],[CMP]]="HALDWANI",Tbl_DFR[[#This Row],[Filling Qty]]>=150),"yes","no") -> no | S41: =IF(Tbl_DFR[[#This Row],[Filling Qty]]>=150,"high",IF(Tbl_DFR[[#This Row],[Filling Qty]]>=80,"medium","low")) -> medium | T41: =P41+O41 -> 182 | U41: {=_xlfn.IFS(Tbl_DFR[[#This Row],[Filling Qty]]>=150,"HIGH",Tbl_DFR[[#This Row],[Filling Qty]]>=80,"medium",TRUE,"low")} -> medium | V41: =IF(OR(Tbl_DFR[[#This Row],[CMP]]="HALDWANI",Tbl_DFR[[#This Row],[CMP]]="DEHRADUN"),"YES","NO") -> YES | W41: 45931 | X41: 0.60555556 | Y41: 45931 | Z41: =IFERROR(TEXT(Tbl_DFR[[#This Row],[Date of filling]],"mmm"),"WIP") -> Oct | AA41: =IFERROR(YEAR(Tbl_DFR[[#This Row],[Date of filling]]),"WIP") -> 2025 | AB41: =IFERROR(TEXT(Tbl_DFR[[#This Row],[Date of filling]],"ddd"),"WIP") -> Wed | AC41: Deepak Chandra Joshi | AD41: =_xlfn.XLOOKUP(Tbl_DFR[[#This Row],[SAP]],Site_master[SAP ID],Site_master[ [ TECHNICIAN Name] ],"Not found") -> Deepak Joshi | AE41: =LEN(Tbl_DFR[[#This Row],[SAP]]) -> 18 | AF41: =IF(Tbl_DFR[[#This Row],[SAP LENGTH]]=18,"valid","check") -> valid
A42: 21 | B42: DEHRADUN | C42: =UPPER(TRIM(Tbl_DFR[[#This Row],[CMP]])) -> DEHRADUN | D42: Vivek Kumar | E42: UK17CA5597 | F42: ANIL | G42: I-UW-DRDN-ENB-9047 | H42: TXN100126290150 | I42: 45933 | J42: 45935 | K42: =IF(OR(Tbl_DFR[[#This Row],[Date of filling]]="WIP",Tbl_DFR[[#This Row],[Date of Invoice ]]=""),"",Tbl_DFR[[#This Row],[Date of filling]]-Tbl_DFR[[#This Row],[Date of Invoice ]]) -> 2 | L42: =IF(ISNUMBER(Tbl_DFR[[#This Row],[Invoice filling gape]]),"valid","check") -> valid | M42: 5481 | N42: 838 | O42: 65 | P42: 80 | Q42: =IF(Tbl_DFR[[#This Row],[Filling Qty]]>=150,"high","normal") -> normal | R42: =IF(AND(Tbl_DFR[[#This Row],[CMP]]="HALDWANI",Tbl_DFR[[#This Row],[Filling Qty]]>=150),"yes","no") -> no | S42: =IF(Tbl_DFR[[#This Row],[Filling Qty]]>=150,"high",IF(Tbl_DFR[[#This Row],[Filling Qty]]>=80,"medium","low")) -> medium | T42: =P42+O42 -> 145 | U42: {=_xlfn.IFS(Tbl_DFR[[#This Row],[Filling Qty]]>=150,"HIGH",Tbl_DFR[[#This Row],[Filling Qty]]>=80,"medium",TRUE,"low")} -> medium | V42: =IF(OR(Tbl_DFR[[#This Row],[CMP]]="HALDWANI",Tbl_DFR[[#This Row],[CMP]]="DEHRADUN"),"YES","NO") -> YES | W42: 45933 | X42: 45931 | Y42: 45931 | Z42: =IFERROR(TEXT(Tbl_DFR[[#This Row],[Date of filling]],"mmm"),"WIP") -> Oct | AA42: =IFERROR(YEAR(Tbl_DFR[[#This Row],[Date of filling]]),"WIP") -> 2025 | AB42: =IFERROR(TEXT(Tbl_DFR[[#This Row],[Date of filling]],"ddd"),"WIP") -> Sun | AD42: =_xlfn.XLOOKUP(Tbl_DFR[[#This Row],[SAP]],Site_master[SAP ID],Site_master[ [ TECHNICIAN Name] ],"Not found") -> Vinod Uniyal | AE42: =LEN(Tbl_DFR[[#This Row],[SAP]]) -> 18 | AF42: =IF(Tbl_DFR[[#This Row],[SAP LENGTH]]=18,"valid","check") -> valid
A43: 21 | B43: HALDWANI | C43: =UPPER(TRIM(Tbl_DFR[[#This Row],[CMP]])) -> HALDWANI | D43: Aashish Rai | E43: UK03CA2120 | F43: DEEPAK | G43: I-UW-CPWT-ENB-9045 | H43: TXN100125969053 | I43: 45931 | J43: 45931 | K43: =IF(OR(Tbl_DFR[[#This Row],[Date of filling]]="WIP",Tbl_DFR[[#This Row],[Date of Invoice ]]=""),"",Tbl_DFR[[#This Row],[Date of filling]]-Tbl_DFR[[#This Row],[Date of Invoice ]]) -> 0 | L43: =IF(ISNUMBER(Tbl_DFR[[#This Row],[Invoice filling gape]]),"valid","check") -> valid | M43: 3313 | N43: 738 | O43: 22 | P43: 80 | Q43: =IF(Tbl_DFR[[#This Row],[Filling Qty]]>=150,"high","normal") -> normal | R43: =IF(AND(Tbl_DFR[[#This Row],[CMP]]="HALDWANI",Tbl_DFR[[#This Row],[Filling Qty]]>=150),"yes","no") -> no | S43: =IF(Tbl_DFR[[#This Row],[Filling Qty]]>=150,"high",IF(Tbl_DFR[[#This Row],[Filling Qty]]>=80,"medium","low")) -> medium | T43: =P43+O43 -> 102 | U43: {=_xlfn.IFS(Tbl_DFR[[#This Row],[Filling Qty]]>=150,"HIGH",Tbl_DFR[[#This Row],[Filling Qty]]>=80,"medium",TRUE,"low")} -> medium | V43: =IF(OR(Tbl_DFR[[#This Row],[CMP]]="HALDWANI",Tbl_DFR[[#This Row],[CMP]]="DEHRADUN"),"YES","NO") -> YES | W43: 45931 | X43: 0.54791667 | Y43: 45931 | Z43: =IFERROR(TEXT(Tbl_DFR[[#This Row],[Date of filling]],"mmm"),"WIP") -> Oct | AA43: =IFERROR(YEAR(Tbl_DFR[[#This Row],[Date of filling]]),"WIP") -> 2025 | AB43: =IFERROR(TEXT(Tbl_DFR[[#This Row],[Date of filling]],"ddd"),"WIP") -> Wed | AC43: Deepak Chandra Joshi | AD43: =_xlfn.XLOOKUP(Tbl_DFR[[#This Row],[SAP]],Site_master[SAP ID],Site_master[ [ TECHNICIAN Name] ],"Not found") -> Deepak Joshi | AE43: =LEN(Tbl_DFR[[#This Row],[SAP]]) -> 18 | AF43: =IF(Tbl_DFR[[#This Row],[SAP LENGTH]]=18,"valid","check") -> valid
A44: 22 | B44: DEHRADUN | C44: =UPPER(TRIM(Tbl_DFR[[#This Row],[CMP]])) -> DEHRADUN | D44: Vivek Kumar | E44: UK17CA5597 | F44: ANIL | G44: I-UW-DNUI-ENB-9042 | H44: TXN100126290513 | I44: 45933 | J44: 45935 | K44: =IF(OR(Tbl_DFR[[#This Row],[Date of filling]]="WIP",Tbl_DFR[[#This Row],[Date of Invoice ]]=""),"",Tbl_DFR[[#This Row],[Date of filling]]-Tbl_DFR[[#This Row],[Date of Invoice ]]) -> 2 | L44: =IF(ISNUMBER(Tbl_DFR[[#This Row],[Invoice filling gape]]),"valid","check") -> valid | M44: 3864 | N44: 975 | O44: 68 | P44: 80 | Q44: =IF(Tbl_DFR[[#This Row],[Filling Qty]]>=150,"high","normal") -> normal | R44: =IF(AND(Tbl_DFR[[#This Row],[CMP]]="HALDWANI",Tbl_DFR[[#This Row],[Filling Qty]]>=150),"yes","no") -> no | S44: =IF(Tbl_DFR[[#This Row],[Filling Qty]]>=150,"high",IF(Tbl_DFR[[#This Row],[Filling Qty]]>=80,"medium","low")) -> medium | T44: =P44+O44 -> 148 | U44: {=_xlfn.IFS(Tbl_DFR[[#This Row],[Filling Qty]]>=150,"HIGH",Tbl_DFR[[#This Row],[Filling Qty]]>=80,"medium",TRUE,"low")} -> medium | V44: =IF(OR(Tbl_DFR[[#This Row],[CMP]]="HALDWANI",Tbl_DFR[[#This Row],[CMP]]="DEHRADUN"),"YES","NO") -> YES | W44: 45933 | X44: 45931 | Y44: 45931 | Z44: =IFERROR(TEXT(Tbl_DFR[[#This Row],[Date of filling]],"mmm"),"WIP") -> Oct | AA44: =IFERROR(YEAR(Tbl_DFR[[#This Row],[Date of filling]]),"WIP") -> 2025 | AB44: =IFERROR(TEXT(Tbl_DFR[[#This Row],[Date of filling]],"ddd"),"WIP") -> Sun | AD44: =_xlfn.XLOOKUP(Tbl_DFR[[#This Row],[SAP]],Site_master[SAP ID],Site_master[ [ TECHNICIAN Name] ],"Not found") -> Vinod Uniyal | AE44: =LEN(Tbl_DFR[[#This Row],[SAP]]) -> 18 | AF44: =IF(Tbl_DFR[[#This Row],[SAP LENGTH]]=18,"valid","check") -> valid
A45: 22 | B45: HALDWANI | C45: =UPPER(TRIM(Tbl_DFR[[#This Row],[CMP]])) -> HALDWANI | D45: Aashish Rai | E45: UK03CA2120 | F45: DEEPAK | G45: I-UW-CPWT-ENB-9046 | H45: TXN100125969053 | I45: 45931 | J45: 45931 | K45: =IF(OR(Tbl_DFR[[#This Row],[Date of filling]]="WIP",Tbl_DFR[[#This Row],[Date of Invoice ]]=""),"",Tbl_DFR[[#This Row],[Date of filling]]-Tbl_DFR[[#This Row],[Date of Invoice ]]) -> 0 | L45: =IF(ISNUMBER(Tbl_DFR[[#This Row],[Invoice filling gape]]),"valid","check") -> valid | M45: 5636 | N45: 861 | O45: 52 | P45: 80 | Q45: =IF(Tbl_DFR[[#This Row],[Filling Qty]]>=150,"high","normal") -> normal | R45: =IF(AND(Tbl_DFR[[#This Row],[CMP]]="HALDWANI",Tbl_DFR[[#This Row],[Filling Qty]]>=150),"yes","no") -> no | S45: =IF(Tbl_DFR[[#This Row],[Filling Qty]]>=150,"high",IF(Tbl_DFR[[#This Row],[Filling Qty]]>=80,"medium","low")) -> medium | T45: =P45+O45 -> 132 | U45: {=_xlfn.IFS(Tbl_DFR[[#This Row],[Filling Qty]]>=150,"HIGH",Tbl_DFR[[#This Row],[Filling Qty]]>=80,"medium",TRUE,"low")} -> medium | V45: =IF(OR(Tbl_DFR[[#This Row],[CMP]]="HALDWANI",Tbl_DFR[[#This Row],[CMP]]="DEHRADUN"),"YES","NO") -> YES | W45: 45931 | Y45: 45931 | Z45: =IFERROR(TEXT(Tbl_DFR[[#This Row],[Date of filling]],"mmm"),"WIP") -> Oct | AA45: =IFERROR(YEAR(Tbl_DFR[[#This Row],[Date of filling]]),"WIP") -> 2025 | AB45: =IFERROR(TEXT(Tbl_DFR[[#This Row],[Date of filling]],"ddd"),"WIP") -> Wed | AD45: =_xlfn.XLOOKUP(Tbl_DFR[[#This Row],[SAP]],Site_master[SAP ID],Site_master[ [ TECHNICIAN Name] ],"Not found") -> Bhuwan Joshi | AE45: =LEN(Tbl_DFR[[#This Row],[SAP]]) -> 18 | AF45: =IF(Tbl_DFR[[#This Row],[SAP LENGTH]]=18,"valid","check") -> valid
A46: 23 | B46: DEHRADUN | C46: =UPPER(TRIM(Tbl_DFR[[#This Row],[CMP]])) -> DEHRADUN | D46: Vivek Kumar | E46: UK17CA5597 | F46: ANIL | G46: I-UW-CYSR-ENB-9013 | H46: TXN100126290513 | I46: 45933 | J46: 45934 | K46: =IF(OR(Tbl_DFR[[#This Row],[Date of filling]]="WIP",Tbl_DFR[[#This Row],[Date of Invoice ]]=""),"",Tbl_DFR[[#This Row],[Date of filling]]-Tbl_DFR[[#This Row],[Date of Invoice ]]) -> 1 | L46: =IF(ISNUMBER(Tbl_DFR[[#This Row],[Invoice filling gape]]),"valid","check") -> valid | M46: 7060 | N46: 2412 | O46: 80 | P46: 80 | Q46: =IF(Tbl_DFR[[#This Row],[Filling Qty]]>=150,"high","normal") -> normal | R46: =IF(AND(Tbl_DFR[[#This Row],[CMP]]="HALDWANI",Tbl_DFR[[#This Row],[Filling Qty]]>=150),"yes","no") -> no | S46: =IF(Tbl_DFR[[#This Row],[Filling Qty]]>=150,"high",IF(Tbl_DFR[[#This Row],[Filling Qty]]>=80,"medium","low")) -> medium | T46: =P46+O46 -> 160 | U46: {=_xlfn.IFS(Tbl_DFR[[#This Row],[Filling Qty]]>=150,"HIGH",Tbl_DFR[[#This Row],[Filling Qty]]>=80,"medium",TRUE,"low")} -> medium | V46: =IF(OR(Tbl_DFR[[#This Row],[CMP]]="HALDWANI",Tbl_DFR[[#This Row],[CMP]]="DEHRADUN"),"YES","NO") -> YES | W46: 45933 | X46: 45931 | Y46: 45931 | Z46: =IFERROR(TEXT(Tbl_DFR[[#This Row],[Date of filling]],"mmm"),"WIP") -> Oct | AA46: =IFERROR(YEAR(Tbl_DFR[[#This Row],[Date of filling]]),"WIP") -> 2025 | AB46: =IFERROR(TEXT(Tbl_DFR[[#This Row],[Date of filling]],"ddd"),"WIP") -> Sat | AD46: =_xlfn.XLOOKUP(Tbl_DFR[[#This Row],[SAP]],Site_master[SAP ID],Site_master[ [ TECHNICIAN Name] ],"Not found") -> Praveen Singh | AE46: =LEN(Tbl_DFR[[#This Row],[SAP]]) -> 18 | AF46: =IF(Tbl_DFR[[#This Row],[SAP LENGTH]]=18,"valid","check") -> valid
A47: 23 | B47: HALDWANI | C47: =UPPER(TRIM(Tbl_DFR[[#This Row],[CMP]])) -> HALDWANI | D47: Aashish Rai | E47: UK03CA2120 | F47: DEEPAK | G47: I-UW-CPWT-ENB-9060 | H47: TXN100125969053 | I47: 45931 | J47: 45931 | K47: =IF(OR(Tbl_DFR[[#This Row],[Date of filling]]="WIP",Tbl_DFR[[#This Row],[Date of Invoice ]]=""),"",Tbl_DFR[[#This Row],[Date of filling]]-Tbl_DFR[[#This Row],[Date of Invoice ]]) -> 0 | L47: =IF(ISNUMBER(Tbl_DFR[[#This Row],[Invoice filling gape]]),"valid","check") -> valid | M47: 2177 | N47: 333 | O47: 59 | P47: 60 | Q47: =IF(Tbl_DFR[[#This Row],[Filling Qty]]>=150,"high","normal") -> normal | R47: =IF(AND(Tbl_DFR[[#This Row],[CMP]]="HALDWANI",Tbl_DFR[[#This Row],[Filling Qty]]>=150),"yes","no") -> no | S47: =IF(Tbl_DFR[[#This Row],[Filling Qty]]>=150,"high",IF(Tbl_DFR[[#This Row],[Filling Qty]]>=80,"medium","low")) -> low | T47: =P47+O47 -> 119 | U47: {=_xlfn.IFS(Tbl_DFR[[#This Row],[Filling Qty]]>=150,"HIGH",Tbl_DFR[[#This Row],[Filling Qty]]>=80,"medium",TRUE,"low")} -> low | V47: =IF(OR(Tbl_DFR[[#This Row],[CMP]]="HALDWANI",Tbl_DFR[[#This Row],[CMP]]="DEHRADUN"),"YES","NO") -> YES | W47: 45931 | Y47: 45931 | Z47: =IFERROR(TEXT(Tbl_DFR[[#This Row],[Date of filling]],"mmm"),"WIP") -> Oct | AA47: =IFERROR(YEAR(Tbl_DFR[[#This Row],[Date of filling]]),"WIP") -> 2025 | AB47: =IFERROR(TEXT(Tbl_DFR[[#This Row],[Date of filling]],"ddd"),"WIP") -> Wed | AD47: =_xlfn.XLOOKUP(Tbl_DFR[[#This Row],[SAP]],Site_master[SAP ID],Site_master[ [ TECHNICIAN Name] ],"Not found") -> Bhuwan Joshi | AE47: =LEN(Tbl_DFR[[#This Row],[SAP]]) -> 18 | AF47: =IF(Tbl_DFR[[#This Row],[SAP LENGTH]]=18,"valid","check") -> valid
A48: 24 | B48: HALDWANI | C48: =UPPER(TRIM(Tbl_DFR[[#This Row],[CMP]])) -> HALDWANI | D48: Aashish Rai | E48: UK05CA2368 | F48: GANESH | G48: I-UW-DDHT-ILA-0001 | H48: TXN100125947268 | I48: 45931 | J48: 45931 | K48: =IF(OR(Tbl_DFR[[#This Row],[Date of filling]]="WIP",Tbl_DFR[[#This Row],[Date of Invoice ]]=""),"",Tbl_DFR[[#This Row],[Date of filling]]-Tbl_DFR[[#This Row],[Date of Invoice ]]) -> 0 | L48: =IF(ISNUMBER(Tbl_DFR[[#This Row],[Invoice filling gape]]),"valid","check") -> valid | M48: 1107 | N48: 1002 | O48: 32 | P48: 160 | Q48: =IF(Tbl_DFR[[#This Row],[Filling Qty]]>=150,"high","normal") -> high | R48: =IF(AND(Tbl_DFR[[#This Row],[CMP]]="HALDWANI",Tbl_DFR[[#This Row],[Filling Qty]]>=150),"yes","no") -> yes | S48: =IF(Tbl_DFR[[#This Row],[Filling Qty]]>=150,"high",IF(Tbl_DFR[[#This Row],[Filling Qty]]>=80,"medium","low")) -> high | T48: =P48+O48 -> 192 | U48: {=_xlfn.IFS(Tbl_DFR[[#This Row],[Filling Qty]]>=150,"HIGH",Tbl_DFR[[#This Row],[Filling Qty]]>=80,"medium",TRUE,"low")} -> HIGH | V48: =IF(OR(Tbl_DFR[[#This Row],[CMP]]="HALDWANI",Tbl_DFR[[#This Row],[CMP]]="DEHRADUN"),"YES","NO") -> YES | W48: 45931 | X48: 0.52430556 | Y48: 45931 | Z48: =IFERROR(TEXT(Tbl_DFR[[#This Row],[Date of filling]],"mmm"),"WIP") -> Oct | AA48: =IFERROR(YEAR(Tbl_DFR[[#This Row],[Date of filling]]),"WIP") -> 2025 | AB48: =IFERROR(TEXT(Tbl_DFR[[#This Row],[Date of filling]],"ddd"),"WIP") -> Wed | AC48: KAMLESH SINGH MEHRA | AD48: =_xlfn.XLOOKUP(Tbl_DFR[[#This Row],[SAP]],Site_master[SAP ID],Site_master[ [ TECHNICIAN Name] ],"Not found") -> Bhupesh Singh | AE48: =LEN(Tbl_DFR[[#This Row],[SAP]]) -> 18 | AF48: =IF(Tbl_DFR[[#This Row],[SAP LENGTH]]=18,"valid","check") -> valid
A49: 24 | B49: DEHRADUN | C49: =UPPER(TRIM(Tbl_DFR[[#This Row],[CMP]])) -> DEHRADUN | D49: Vivek Kumar | E49: UK17CA5597 | F49: ANIL | G49: I-UW-CYSR-ENB-9015 | H49: TXN100126290513 | I49: 45933 | J49: 45934 | K49: =IF(OR(Tbl_DFR[[#This Row],[Date of filling]]="WIP",Tbl_DFR[[#This Row],[Date of Invoice ]]=""),"",Tbl_DFR[[#This Row],[Date of filling]]-Tbl_DFR[[#This Row],[Date of Invoice ]]) -> 1 | L49: =IF(ISNUMBER(Tbl_DFR[[#This Row],[Invoice filling gape]]),"valid","check") -> valid | M49: 216 | N49: 46 | O49: 109 | P49: 80 | Q49: =IF(Tbl_DFR[[#This Row],[Filling Qty]]>=150,"high","normal") -> normal | R49: =IF(AND(Tbl_DFR[[#This Row],[CMP]]="HALDWANI",Tbl_DFR[[#This Row],[Filling Qty]]>=150),"yes","no") -> no | S49: =IF(Tbl_DFR[[#This Row],[Filling Qty]]>=150,"high",IF(Tbl_DFR[[#This Row],[Filling Qty]]>=80,"medium","low")) -> medium | T49: =P49+O49 -> 189 | U49: {=_xlfn.IFS(Tbl_DFR[[#This Row],[Filling Qty]]>=150,"HIGH",Tbl_DFR[[#This Row],[Filling Qty]]>=80,"medium",TRUE,"low")} -> medium | V49: =IF(OR(Tbl_DFR[[#This Row],[CMP]]="HALDWANI",Tbl_DFR[[#This Row],[CMP]]="DEHRADUN"),"YES","NO") -> YES | W49: 45933 | X49: 45931 | Y49: 45931 | Z49: =IFERROR(TEXT(Tbl_DFR[[#This Row],[Date of filling]],"mmm"),"WIP") -> Oct | AA49: =IFERROR(YEAR(Tbl_DFR[[#This Row],[Date of filling]]),"WIP") -> 2025 | AB49: =IFERROR(TEXT(Tbl_DFR[[#This Row],[Date of filling]],"ddd"),"WIP") -> Sat | AD49: =_xlfn.XLOOKUP(Tbl_DFR[[#This Row],[SAP]],Site_master[SAP ID],Site_master[ [ TECHNICIAN Name] ],"Not found") -> Praveen Singh | AE49: =LEN(Tbl_DFR[[#This Row],[SAP]]) -> 18 | AF49: =IF(Tbl_DFR[[#This Row],[SAP LENGTH]]=18,"valid","check") -> valid
A50: 25 | B50: HALDWANI | C50: =UPPER(TRIM(Tbl_DFR[[#This Row],[CMP]])) -> HALDWANI | D50: Aashish Rai | E50: UK05CA2368 | F50: GANESH | G50: I-UW-GGLT-ENB-9005 | H50: TXN100125947482 | I50: 45931 | J50: 45933 | K50: =IF(OR(Tbl_DFR[[#This Row],[Date of filling]]="WIP",Tbl_DFR[[#This Row],[Date of Invoice ]]=""),"",Tbl_DFR[[#This Row],[Date of filling]]-Tbl_DFR[[#This Row],[Date of Invoice ]]) -> 2 | L50: =IF(ISNUMBER(Tbl_DFR[[#This Row],[Invoice filling gape]]),"valid","check") -> valid | M50: 2010 | N50: 721 | O50: 25 | P50: 140 | Q50: =IF(Tbl_DFR[[#This Row],[Filling Qty]]>=150,"high","normal") -> normal | R50: =IF(AND(Tbl_DFR[[#This Row],[CMP]]="HALDWANI",Tbl_DFR[[#This Row],[Filling Qty]]>=150),"yes","no") -> no | S50: =IF(Tbl_DFR[[#This Row],[Filling Qty]]>=150,"high",IF(Tbl_DFR[[#This Row],[Filling Qty]]>=80,"medium","low")) -> medium | T50: =P50+O50 -> 165 | U50: {=_xlfn.IFS(Tbl_DFR[[#This Row],[Filling Qty]]>=150,"HIGH",Tbl_DFR[[#This Row],[Filling Qty]]>=80,"medium",TRUE,"low")} -> medium | V50: =IF(OR(Tbl_DFR[[#This Row],[CMP]]="HALDWANI",Tbl_DFR[[#This Row],[CMP]]="DEHRADUN"),"YES","NO") -> YES | W50: 45933 | Y50: 45931 | Z50: =IFERROR(TEXT(Tbl_DFR[[#This Row],[Date of filling]],"mmm"),"WIP") -> Oct | AA50: =IFERROR(YEAR(Tbl_DFR[[#This Row],[Date of filling]]),"WIP") -> 2025 | AB50: =IFERROR(TEXT(Tbl_DFR[[#This Row],[Date of filling]],"ddd"),"WIP") -> Fri | AD50: =_xlfn.XLOOKUP(Tbl_DFR[[#This Row],[SAP]],Site_master[SAP ID],Site_master[ [ TECHNICIAN Name] ],"Not found") -> Kuwar Singh Mehra | AE50: =LEN(Tbl_DFR[[#This Row],[SAP]]) -> 18 | AF50: =IF(Tbl_DFR[[#This Row],[SAP LENGTH]]=18,"valid","check") -> valid
A51: 25 | B51: DEHRADUN | C51: =UPPER(TRIM(Tbl_DFR[[#This Row],[CMP]])) -> DEHRADUN | D51: Vivek Kumar | E51: UK17CA5597 | F51: ANIL | G51: I-UW-CYSR-ENB-9011 | H51: TXN100126290338 | I51: 45933 | J51: 45934 | K51: =IF(OR(Tbl_DFR[[#This Row],[Date of filling]]="WIP",Tbl_DFR[[#This Row],[Date of Invoice ]]=""),"",Tbl_DFR[[#This Row],[Date of filling]]-Tbl_DFR[[#This Row],[Date of Invoice ]]) -> 1 | L51: =IF(ISNUMBER(Tbl_DFR[[#This Row],[Invoice filling gape]]),"valid","check") -> valid | M51: 6179 | N51: 1549 | O51: 78 | P51: 80 | Q51: =IF(Tbl_DFR[[#This Row],[Filling Qty]]>=150,"high","normal") -> normal | R51: =IF(AND(Tbl_DFR[[#This Row],[CMP]]="HALDWANI",Tbl_DFR[[#This Row],[Filling Qty]]>=150),"yes","no") -> no | S51: =IF(Tbl_DFR[[#This Row],[Filling Qty]]>=150,"high",IF(Tbl_DFR[[#This Row],[Filling Qty]]>=80,"medium","low")) -> medium | T51: =P51+O51 -> 158 | U51: {=_xlfn.IFS(Tbl_DFR[[#This Row],[Filling Qty]]>=150,"HIGH",Tbl_DFR[[#This Row],[Filling Qty]]>=80,"medium",TRUE,"low")} -> medium | V51: =IF(OR(Tbl_DFR[[#This Row],[CMP]]="HALDWANI",Tbl_DFR[[#This Row],[CMP]]="DEHRADUN"),"YES","NO") -> YES | W51: 45933 | X51: 45931 | Y51: 45931 | Z51: =IFERROR(TEXT(Tbl_DFR[[#This Row],[Date of filling]],"mmm"),"WIP") -> Oct | AA51: =IFERROR(YEAR(Tbl_DFR[[#This Row],[Date of filling]]),"WIP") -> 2025 | AB51: =IFERROR(TEXT(Tbl_DFR[[#This Row],[Date of filling]],"ddd"),"WIP") -> Sat | AD51: =_xlfn.XLOOKUP(Tbl_DFR[[#This Row],[SAP]],Site_master[SAP ID],Site_master[ [ TECHNICIAN Name] ],"Not found") -> Shayam Lal | AE51: =LEN(Tbl_DFR[[#This Row],[SAP]]) -> 18 | AF51: =IF(Tbl_DFR[[#This Row],[SAP LENGTH]]=18,"valid","check") -> valid
A52: 26 | B52: DEHRADUN | C52: =UPPER(TRIM(Tbl_DFR[[#This Row],[CMP]])) -> DEHRADUN | D52: Vivek Kumar | E52: UK17CA5597 | F52: ANIL | G52: I-UW-CYSR-ENB-9021 | H52: TXN100126290338 | I52: 45933 | J52: 45933 | K52: =IF(OR(Tbl_DFR[[#This Row],[Date of filling]]="WIP",Tbl_DFR[[#This Row],[Date of Invoice ]]=""),"",Tbl_DFR[[#This Row],[Date of filling]]-Tbl_DFR[[#This Row],[Date of Invoice ]]) -> 0 | L52: =IF(ISNUMBER(Tbl_DFR[[#This Row],[Invoice filling gape]]),"valid","check") -> valid | M52: 4345 | N52: 1839 | O52: 70 | P52: 80 | Q52: =IF(Tbl_DFR[[#This Row],[Filling Qty]]>=150,"high","normal") -> normal | R52: =IF(AND(Tbl_DFR[[#This Row],[CMP]]="HALDWANI",Tbl_DFR[[#This Row],[Filling Qty]]>=150),"yes","no") -> no | S52: =IF(Tbl_DFR[[#This Row],[Filling Qty]]>=150,"high",IF(Tbl_DFR[[#This Row],[Filling Qty]]>=80,"medium","low")) -> medium | T52: =P52+O52 -> 150 | U52: {=_xlfn.IFS(Tbl_DFR[[#This Row],[Filling Qty]]>=150,"HIGH",Tbl_DFR[[#This Row],[Filling Qty]]>=80,"medium",TRUE,"low")} -> medium | V52: =IF(OR(Tbl_DFR[[#This Row],[CMP]]="HALDWANI",Tbl_DFR[[#This Row],[CMP]]="DEHRADUN"),"YES","NO") -> YES | W52: 45933 | X52: 45931 | Y52: 45931 | Z52: =IFERROR(TEXT(Tbl_DFR[[#This Row],[Date of filling]],"mmm"),"WIP") -> Oct | AA52: =IFERROR(YEAR(Tbl_DFR[[#This Row],[Date of filling]]),"WIP") -> 2025 | AB52: =IFERROR(TEXT(Tbl_DFR[[#This Row],[Date of filling]],"ddd"),"WIP") -> Fri | AD52: =_xlfn.XLOOKUP(Tbl_DFR[[#This Row],[SAP]],Site_master[SAP ID],Site_master[ [ TECHNICIAN Name] ],"Not found") -> Shayam Lal | AE52: =LEN(Tbl_DFR[[#This Row],[SAP]]) -> 18 | AF52: =IF(Tbl_DFR[[#This Row],[SAP LENGTH]]=18,"valid","check") -> valid
A53: 26 | B53: HALDWANI | C53: =UPPER(TRIM(Tbl_DFR[[#This Row],[CMP]])) -> HALDWANI | D53: Aashish Rai | E53: UK05CA2368 | F53: GANESH | G53: I-UW-GGLT-ENB-9023 | H53: TXN100125947615 | I53: 45931 | J53: 45933 | K53: =IF(OR(Tbl_DFR[[#This Row],[Date of filling]]="WIP",Tbl_DFR[[#This Row],[Date of Invoice ]]=""),"",Tbl_DFR[[#This Row],[Date of filling]]-Tbl_DFR[[#This Row],[Date of Invoice ]]) -> 2 | L53: =IF(ISNUMBER(Tbl_DFR[[#This Row],[Invoice filling gape]]),"valid","check") -> valid | M53: 364 | N53: 103 | O53: 41 | P53: 60 | Q53: =IF(Tbl_DFR[[#This Row],[Filling Qty]]>=150,"high","normal") -> normal | R53: =IF(AND(Tbl_DFR[[#This Row],[CMP]]="HALDWANI",Tbl_DFR[[#This Row],[Filling Qty]]>=150),"yes","no") -> no | S53: =IF(Tbl_DFR[[#This Row],[Filling Qty]]>=150,"high",IF(Tbl_DFR[[#This Row],[Filling Qty]]>=80,"medium","low")) -> low | T53: =P53+O53 -> 101 | U53: {=_xlfn.IFS(Tbl_DFR[[#This Row],[Filling Qty]]>=150,"HIGH",Tbl_DFR[[#This Row],[Filling Qty]]>=80,"medium",TRUE,"low")} -> low | V53: =IF(OR(Tbl_DFR[[#This Row],[CMP]]="HALDWANI",Tbl_DFR[[#This Row],[CMP]]="DEHRADUN"),"YES","NO") -> YES | W53: 45933 | Y53: 45931 | Z53: =IFERROR(TEXT(Tbl_DFR[[#This Row],[Date of filling]],"mmm"),"WIP") -> Oct | AA53: =IFERROR(YEAR(Tbl_DFR[[#This Row],[Date of filling]]),"WIP") -> 2025 | AB53: =IFERROR(TEXT(Tbl_DFR[[#This Row],[Date of filling]],"ddd"),"WIP") -> Fri | AD53: =_xlfn.XLOOKUP(Tbl_DFR[[#This Row],[SAP]],Site_master[SAP ID],Site_master[ [ TECHNICIAN Name] ],"Not found") -> Ranjeet Gautam | AE53: =LEN(Tbl_DFR[[#This Row],[SAP]]) -> 18 | AF53: =IF(Tbl_DFR[[#This Row],[SAP LENGTH]]=18,"valid","check") -> valid
A54: 27 | B54: DEHRADUN | C54: =UPPER(TRIM(Tbl_DFR[[#This Row],[CMP]])) -> DEHRADUN | D54: Vivek Kumar | E54: UK17CA 5823 | F54: VINAY | G54: I-UW-KLSI-ENB-9025 | H54: TXN100126547267 | I54: 45934 | J54: 45935 | K54: =IF(OR(Tbl_DFR[[#This Row],[Date of filling]]="WIP",Tbl_DFR[[#This Row],[Date of Invoice ]]=""),"",Tbl_DFR[[#This Row],[Date of filling]]-Tbl_DFR[[#This Row],[Date of Invoice ]]) -> 1 | L54: =IF(ISNUMBER(Tbl_DFR[[#This Row],[Invoice filling gape]]),"valid","check") -> valid | M54: 17258 | N54: 3839 | O54: 30 | P54: 80 | Q54: =IF(Tbl_DFR[[#This Row],[Filling Qty]]>=150,"high","normal") -> normal | R54: =IF(AND(Tbl_DFR[[#This Row],[CMP]]="HALDWANI",Tbl_DFR[[#This Row],[Filling Qty]]>=150),"yes","no") -> no | S54: =IF(Tbl_DFR[[#This Row],[Filling Qty]]>=150,"high",IF(Tbl_DFR[[#This Row],[Filling Qty]]>=80,"medium","low")) -> medium | T54: =P54+O54 -> 110 | U54: {=_xlfn.IFS(Tbl_DFR[[#This Row],[Filling Qty]]>=150,"HIGH",Tbl_DFR[[#This Row],[Filling Qty]]>=80,"medium",TRUE,"low")} -> medium | V54: =IF(OR(Tbl_DFR[[#This Row],[CMP]]="HALDWANI",Tbl_DFR[[#This Row],[CMP]]="DEHRADUN"),"YES","NO") -> YES | W54: 45934 | X54: 45931 | Y54: 45931 | Z54: =IFERROR(TEXT(Tbl_DFR[[#This Row],[Date of filling]],"mmm"),"WIP") -> Oct | AA54: =IFERROR(YEAR(Tbl_DFR[[#This Row],[Date of filling]]),"WIP") -> 2025 | AB54: =IFERROR(TEXT(Tbl_DFR[[#This Row],[Date of filling]],"ddd"),"WIP") -> Sun | AD54: =_xlfn.XLOOKUP(Tbl_DFR[[#This Row],[SAP]],Site_master[SAP ID],Site_master[ [ TECHNICIAN Name] ],"Not found") -> Rohit Saini | AE54: =LEN(Tbl_DFR[[#This Row],[SAP]]) -> 18 | AF54: =IF(Tbl_DFR[[#This Row],[SAP LENGTH]]=18,"valid","check") -> valid
A55: 27 | B55: HALDWANI | C55: =UPPER(TRIM(Tbl_DFR[[#This Row],[CMP]])) -> HALDWANI | D55: Aashish Rai | E55: UK05CA2368 | F55: GANESH | G55: I-UW-GGLT-ENB-9029 | H55: TXN100125947615 | I55: 45931 | J55: 45932 | K55: =IF(OR(Tbl_DFR[[#This Row],[Date of filling]]="WIP",Tbl_DFR[[#This Row],[Date of Invoice ]]=""),"",Tbl_DFR[[#This Row],[Date of filling]]-Tbl_DFR[[#This Row],[Date of Invoice ]]) -> 1 | L55: =IF(ISNUMBER(Tbl_DFR[[#This Row],[Invoice filling gape]]),"valid","check") -> valid | M55: 6612 | N55: 1804 | O55: 30 | P55: 100 | Q55: =IF(Tbl_DFR[[#This Row],[Filling Qty]]>=150,"high","normal") -> normal | R55: =IF(AND(Tbl_DFR[[#This Row],[CMP]]="HALDWANI",Tbl_DFR[[#This Row],[Filling Qty]]>=150),"yes","no") -> no | S55: =IF(Tbl_DFR[[#This Row],[Filling Qty]]>=150,"high",IF(Tbl_DFR[[#This Row],[Filling Qty]]>=80,"medium","low")) -> medium | T55: =P55+O55 -> 130 | U55: {=_xlfn.IFS(Tbl_DFR[[#This Row],[Filling Qty]]>=150,"HIGH",Tbl_DFR[[#This Row],[Filling Qty]]>=80,"medium",TRUE,"low")} -> medium | V55: =IF(OR(Tbl_DFR[[#This Row],[CMP]]="HALDWANI",Tbl_DFR[[#This Row],[CMP]]="DEHRADUN"),"YES","NO") -> YES | W55: 45932 | Y55: 45931 | Z55: =IFERROR(TEXT(Tbl_DFR[[#This Row],[Date of filling]],"mmm"),"WIP") -> Oct | AA55: =IFERROR(YEAR(Tbl_DFR[[#This Row],[Date of filling]]),"WIP") -> 2025 | AB55: =IFERROR(TEXT(Tbl_DFR[[#This Row],[Date of filling]],"ddd"),"WIP") -> Thu | AD55: =_xlfn.XLOOKUP(Tbl_DFR[[#This Row],[SAP]],Site_master[SAP ID],Site_master[ [ TECHNICIAN Name] ],"Not found") -> Ranjeet Gautam | AE55: =LEN(Tbl_DFR[[#This Row],[SAP]]) -> 18 | AF55: =IF(Tbl_DFR[[#This Row],[SAP LENGTH]]=18,"valid","check") -> valid
A56: 28 | B56: DEHRADUN | C56: =UPPER(TRIM(Tbl_DFR[[#This Row],[CMP]])) -> DEHRADUN | D56: Vivek Kumar | E56: UK17CA 5823 | F56: VINAY | G56: I-UW-KLSI-ENB-9031 | H56: TXN100126547267 | I56: 45934 | J56: 45935 | K56: =IF(OR(Tbl_DFR[[#This Row],[Date of filling]]="WIP",Tbl_DFR[[#This Row],[Date of Invoice ]]=""),"",Tbl_DFR[[#This Row],[Date of filling]]-Tbl_DFR[[#This Row],[Date of Invoice ]]) -> 1 | L56: =IF(ISNUMBER(Tbl_DFR[[#This Row],[Invoice filling gape]]),"valid","check") -> valid | M56: 7531 | N56: 1939 | O56: 20 | P56: 80 | Q56: =IF(Tbl_DFR[[#This Row],[Filling Qty]]>=150,"high","normal") -> normal | R56: =IF(AND(Tbl_DFR[[#This Row],[CMP]]="HALDWANI",Tbl_DFR[[#This Row],[Filling Qty]]>=150),"yes","no") -> no | S56: =IF(Tbl_DFR[[#This Row],[Filling Qty]]>=150,"high",IF(Tbl_DFR[[#This Row],[Filling Qty]]>=80,"medium","low")) -> medium | T56: =P56+O56 -> 100 | U56: {=_xlfn.IFS(Tbl_DFR[[#This Row],[Filling Qty]]>=150,"HIGH",Tbl_DFR[[#This Row],[Filling Qty]]>=80,"medium",TRUE,"low")} -> medium | V56: =IF(OR(Tbl_DFR[[#This Row],[CMP]]="HALDWANI",Tbl_DFR[[#This Row],[CMP]]="DEHRADUN"),"YES","NO") -> YES | W56: 45934 | X56: 45931 | Y56: 45931 | Z56: =IFERROR(TEXT(Tbl_DFR[[#This Row],[Date of filling]],"mmm"),"WIP") -> Oct | AA56: =IFERROR(YEAR(Tbl_DFR[[#This Row],[Date of filling]]),"WIP") -> 2025 | AB56: =IFERROR(TEXT(Tbl_DFR[[#This Row],[Date of filling]],"ddd"),"WIP") -> Sun | AD56: =_xlfn.XLOOKUP(Tbl_DFR[[#This Row],[SAP]],Site_master[SAP ID],Site_master[ [ TECHNICIAN Name] ],"Not found") -> Anup Singh KLSI | AE56: =LEN(Tbl_DFR[[#This Row],[SAP]]) -> 18 | AF56: =IF(Tbl_DFR[[#This Row],[SAP LENGTH]]=18,"valid","check") -> valid
A57: 28 | B57: HALDWANI | C57: =UPPER(TRIM(Tbl_DFR[[#This Row],[CMP]])) -> HALDWANI | D57: Aashish Rai | E57: UK05CA2368 | F57: GANESH | G57: I-UW-GGLT-ENB-9030 | H57: TXN100125947482 | I57: 45931 | J57: 45933 | K57: =IF(OR(Tbl_DFR[[#This Row],[Date of filling]]="WIP",Tbl_DFR[[#This Row],[Date of Invoice ]]=""),"",Tbl_DFR[[#This Row],[Date of filling]]-Tbl_DFR[[#This Row],[Date of Invoice ]]) -> 2 | L57: =IF(ISNUMBER(Tbl_DFR[[#This Row],[Invoice filling gape]]),"valid","check") -> valid | M57: 7952 | N57: 2831 | O57: 35 | P57: 100 | Q57: =IF(Tbl_DFR[[#This Row],[Filling Qty]]>=150,"high","normal") -> normal | R57: =IF(AND(Tbl_DFR[[#This Row],[CMP]]="HALDWANI",Tbl_DFR[[#This Row],[Filling Qty]]>=150),"yes","no") -> no | S57: =IF(Tbl_DFR[[#This Row],[Filling Qty]]>=150,"high",IF(Tbl_DFR[[#This Row],[Filling Qty]]>=80,"medium","low")) -> medium | T57: =P57+O57 -> 135 | U57: {=_xlfn.IFS(Tbl_DFR[[#This Row],[Filling Qty]]>=150,"HIGH",Tbl_DFR[[#This Row],[Filling Qty]]>=80,"medium",TRUE,"low")} -> medium | V57: =IF(OR(Tbl_DFR[[#This Row],[CMP]]="HALDWANI",Tbl_DFR[[#This Row],[CMP]]="DEHRADUN"),"YES","NO") -> YES | W57: 45933 | Y57: 45931 | Z57: =IFERROR(TEXT(Tbl_DFR[[#This Row],[Date of filling]],"mmm"),"WIP") -> Oct | AA57: =IFERROR(YEAR(Tbl_DFR[[#This Row],[Date of filling]]),"WIP") -> 2025 | AB57: =IFERROR(TEXT(Tbl_DFR[[#This Row],[Date of filling]],"ddd"),"WIP") -> Fri | AD57: =_xlfn.XLOOKUP(Tbl_DFR[[#This Row],[SAP]],Site_master[SAP ID],Site_master[ [ TECHNICIAN Name] ],"Not found") -> Kuwar Singh Mehra | AE57: =LEN(Tbl_DFR[[#This Row],[SAP]]) -> 18 | AF57: =IF(Tbl_DFR[[#This Row],[SAP LENGTH]]=18,"valid","check") -> valid
A58: 29 | B58: DEHRADUN | C58: =UPPER(TRIM(Tbl_DFR[[#This Row],[CMP]])) -> DEHRADUN | D58: Vivek Kumar | E58: UK17CA 5823 | F58: VINAY | G58: I-UW-KLSI-ENB-9013 | H58: TXN100126547267 | I58: 45934 | J58: 45935 | K58: =IF(OR(Tbl_DFR[[#This Row],[Date of filling]]="WIP",Tbl_DFR[[#This Row],[Date of Invoice ]]=""),"",Tbl_DFR[[#This Row],[Date of filling]]-Tbl_DFR[[#This Row],[Date of Invoice ]]) -> 1 | L58: =IF(ISNUMBER(Tbl_DFR[[#This Row],[Invoice filling gape]]),"valid","check") -> valid | M58: 8820 | N58: 2142 | O58: 50 | P58: 60 | Q58: =IF(Tbl_DFR[[#This Row],[Filling Qty]]>=150,"high","normal") -> normal | R58: =IF(AND(Tbl_DFR[[#This Row],[CMP]]="HALDWANI",Tbl_DFR[[#This Row],[Filling Qty]]>=150),"yes","no") -> no | S58: =IF(Tbl_DFR[[#This Row],[Filling Qty]]>=150,"high",IF(Tbl_DFR[[#This Row],[Filling Qty]]>=80,"medium","low")) -> low | T58: =P58+O58 -> 110 | U58: {=_xlfn.IFS(Tbl_DFR[[#This Row],[Filling Qty]]>=150,"HIGH",Tbl_DFR[[#This Row],[Filling Qty]]>=80,"medium",TRUE,"low")} -> low | V58: =IF(OR(Tbl_DFR[[#This Row],[CMP]]="HALDWANI",Tbl_DFR[[#This Row],[CMP]]="DEHRADUN"),"YES","NO") -> YES | W58: 45934 | X58: 45931 | Y58: 45931 | Z58: =IFERROR(TEXT(Tbl_DFR[[#This Row],[Date of filling]],"mmm"),"WIP") -> Oct | AA58: =IFERROR(YEAR(Tbl_DFR[[#This Row],[Date of filling]]),"WIP") -> 2025 | AB58: =IFERROR(TEXT(Tbl_DFR[[#This Row],[Date of filling]],"ddd"),"WIP") -> Sun | AD58: =_xlfn.XLOOKUP(Tbl_DFR[[#This Row],[SAP]],Site_master[SAP ID],Site_master[ [ TECHNICIAN Name] ],"Not found") -> Anup Singh KLSI | AE58: =LEN(Tbl_DFR[[#This Row],[SAP]]) -> 18 | AF58: =IF(Tbl_DFR[[#This Row],[SAP LENGTH]]=18,"valid","check") -> valid
A59: 29 | B59: HALDWANI | C59: =UPPER(TRIM(Tbl_DFR[[#This Row],[CMP]])) -> HALDWANI | D59: Aashish Rai | E59: UK05CA2368 | F59: GANESH | G59: I-UW-GGLT-ENB-9032 | H59: TXN100125947482 | I59: 45931 | J59: 45934 | K59: =IF(OR(Tbl_DFR[[#This Row],[Date of filling]]="WIP",Tbl_DFR[[#This Row],[Date of Invoice ]]=""),"",Tbl_DFR[[#This Row],[Date of filling]]-Tbl_DFR[[#This Row],[Date of Invoice ]]) -> 3 | L59: =IF(ISNUMBER(Tbl_DFR[[#This Row],[Invoice filling gape]]),"valid","check") -> valid | M59: 2720 | N59: 997 | O59: 105 | P59: 40 | Q59: =IF(Tbl_DFR[[#This Row],[Filling Qty]]>=150,"high","normal") -> normal | R59: =IF(AND(Tbl_DFR[[#This Row],[CMP]]="HALDWANI",Tbl_DFR[[#This Row],[Filling Qty]]>=150),"yes","no") -> no | S59: =IF(Tbl_DFR[[#This Row],[Filling Qty]]>=150,"high",IF(Tbl_DFR[[#This Row],[Filling Qty]]>=80,"medium","low")) -> low | T59: =P59+O59 -> 145 | U59: {=_xlfn.IFS(Tbl_DFR[[#This Row],[Filling Qty]]>=150,"HIGH",Tbl_DFR[[#This Row],[Filling Qty]]>=80,"medium",TRUE,"low")} -> low | V59: =IF(OR(Tbl_DFR[[#This Row],[CMP]]="HALDWANI",Tbl_DFR[[#This Row],[CMP]]="DEHRADUN"),"YES","NO") -> YES | W59: 45934 | Y59: 45931 | Z59: =IFERROR(TEXT(Tbl_DFR[[#This Row],[Date of filling]],"mmm"),"WIP") -> Oct | AA59: =IFERROR(YEAR(Tbl_DFR[[#This Row],[Date of filling]]),"WIP") -> 2025 | AB59: =IFERROR(TEXT(Tbl_DFR[[#This Row],[Date of filling]],"ddd"),"WIP") -> Sat | AD59: =_xlfn.XLOOKUP(Tbl_DFR[[#This Row],[SAP]],Site_master[SAP ID],Site_master[ [ TECHNICIAN Name] ],"Not found") -> Kuwar Singh Mehra | AE59: =LEN(Tbl_DFR[[#This Row],[SAP]]) -> 18 | AF59: =IF(Tbl_DFR[[#This Row],[SAP LENGTH]]=18,"valid","check") -> valid
A60: 30 | B60: DEHRADUN | C60: =UPPER(TRIM(Tbl_DFR[[#This Row],[CMP]])) -> DEHRADUN | D60: Vivek Kumar | E60: UK17CA 5823 | F60: VINAY | G60: I-UW-KLSI-ENB-9001 | H60: TXN100126547267 | I60: 45934 | J60: 45937 | K60: =IF(OR(Tbl_DFR[[#This Row],[Date of filling]]="WIP",Tbl_DFR[[#This Row],[Date of Invoice ]]=""),"",Tbl_DFR[[#This Row],[Date of filling]]-Tbl_DFR[[#This Row],[Date of Invoice ]]) -> 3 | L60: =IF(ISNUMBER(Tbl_DFR[[#This Row],[Invoice filling gape]]),"valid","check") -> valid | M60: 14812 | N60: 3261 | O60: 18 | P60: 80 | Q60: =IF(Tbl_DFR[[#This Row],[Filling Qty]]>=150,"high","normal") -> normal | R60: =IF(AND(Tbl_DFR[[#This Row],[CMP]]="HALDWANI",Tbl_DFR[[#This Row],[Filling Qty]]>=150),"yes","no") -> no | S60: =IF(Tbl_DFR[[#This Row],[Filling Qty]]>=150,"high",IF(Tbl_DFR[[#This Row],[Filling Qty]]>=80,"medium","low")) -> medium | T60: =P60+O60 -> 98 | U60: {=_xlfn.IFS(Tbl_DFR[[#This Row],[Filling Qty]]>=150,"HIGH",Tbl_DFR[[#This Row],[Filling Qty]]>=80,"medium",TRUE,"low")} -> medium | V60: =IF(OR(Tbl_DFR[[#This Row],[CMP]]="HALDWANI",Tbl_DFR[[#This Row],[CMP]]="DEHRADUN"),"YES","NO") -> YES | W60: 45934 | X60: 45931 | Y60: 45931 | Z60: =IFERROR(TEXT(Tbl_DFR[[#This Row],[Date of filling]],"mmm"),"WIP") -> Oct | AA60: =IFERROR(YEAR(Tbl_DFR[[#This Row],[Date of filling]]),"WIP") -> 2025 | AB60: =IFERROR(TEXT(Tbl_DFR[[#This Row],[Date of filling]],"ddd"),"WIP") -> Tue | AD60: =_xlfn.XLOOKUP(Tbl_DFR[[#This Row],[SAP]],Site_master[SAP ID],Site_master[ [ TECHNICIAN Name] ],"Not found") -> Sandeep Kumar Saini | AE60: =LEN(Tbl_DFR[[#This Row],[SAP]]) -> 18 | AF60: =IF(Tbl_DFR[[#This Row],[SAP LENGTH]]=18,"valid","check") -> valid
A61: 30 | B61: HALDWANI | C61: =UPPER(TRIM(Tbl_DFR[[#This Row],[CMP]])) -> HALDWANI | D61: AMIT SINGH | E61: UK02CA0769 | F61: HARI | G61: I-UW-HKGM-ENB-0014 | H61: 93959 | I61: 45931 | J61: 45931 | K61: =IF(OR(Tbl_DFR[[#This Row],[Date of filling]]="WIP",Tbl_DFR[[#This Row],[Date of Invoice ]]=""),"",Tbl_DFR[[#This Row],[Date of filling]]-Tbl_DFR[[#This Row],[Date of Invoice ]]) -> 0 | L61: =IF(ISNUMBER(Tbl_DFR[[#This Row],[Invoice filling gape]]),"valid","check") -> valid | M61: 12894 | N61: 2916 | O61: 32 | P61: 100 | Q61: =IF(Tbl_DFR[[#This Row],[Filling Qty]]>=150,"high","normal") -> normal | R61: =IF(AND(Tbl_DFR[[#This Row],[CMP]]="HALDWANI",Tbl_DFR[[#This Row],[Filling Qty]]>=150),"yes","no") -> no | S61: =IF(Tbl_DFR[[#This Row],[Filling Qty]]>=150,"high",IF(Tbl_DFR[[#This Row],[Filling Qty]]>=80,"medium","low")) -> medium | T61: =P61+O61 -> 132 | U61: {=_xlfn.IFS(Tbl_DFR[[#This Row],[Filling Qty]]>=150,"HIGH",Tbl_DFR[[#This Row],[Filling Qty]]>=80,"medium",TRUE,"low")} -> medium | V61: =IF(OR(Tbl_DFR[[#This Row],[CMP]]="HALDWANI",Tbl_DFR[[#This Row],[CMP]]="DEHRADUN"),"YES","NO") -> YES | W61: 45931 | X61: 0.65 | Y61: 45931 | Z61: =IFERROR(TEXT(Tbl_DFR[[#This Row],[Date of filling]],"mmm"),"WIP") -> Oct | AA61: =IFERROR(YEAR(Tbl_DFR[[#This Row],[Date of filling]]),"WIP") -> 2025 | AB61: =IFERROR(TEXT(Tbl_DFR[[#This Row],[Date of filling]],"ddd"),"WIP") -> Wed | AC61: DHARMEDRA SINGH | AD61: =_xlfn.XLOOKUP(Tbl_DFR[[#This Row],[SAP]],Site_master[SAP ID],Site_master[ [ TECHNICIAN Name] ],"Not found") -> Dharmendra Singh | AE61: =LEN(Tbl_DFR[[#This Row],[SAP]]) -> 18 | AF61: =IF(Tbl_DFR[[#This Row],[SAP LENGTH]]=18,"valid","check") -> valid
A62: 31 | B62: HALDWANI | C62: =UPPER(TRIM(Tbl_DFR[[#This Row],[CMP]])) -> HALDWANI | D62: AMIT SINGH | E62: UK02CA0769 | F62: HARI | G62: I-UW-HKGM-ENB-0123 | H62: 93959 | I62: 45931 | J62: 45931 | K62: =IF(OR(Tbl_DFR[[#This Row],[Date of filling]]="WIP",Tbl_DFR[[#This Row],[Date of Invoice ]]=""),"",Tbl_DFR[[#This Row],[Date of filling]]-Tbl_DFR[[#This Row],[Date of Invoice ]]) -> 0 | L62: =IF(ISNUMBER(Tbl_DFR[[#This Row],[Invoice filling gape]]),"valid","check") -> valid | M62: 12995 | N62: 2923 | O62: 12 | P62: 140 | Q62: =IF(Tbl_DFR[[#This Row],[Filling Qty]]>=150,"high","normal") -> normal | R62: =IF(AND(Tbl_DFR[[#This Row],[CMP]]="HALDWANI",Tbl_DFR[[#This Row],[Filling Qty]]>=150),"yes","no") -> no | S62: =IF(Tbl_DFR[[#This Row],[Filling Qty]]>=150,"high",IF(Tbl_DFR[[#This Row],[Filling Qty]]>=80,"medium","low")) -> medium | T62: =P62+O62 -> 152 | U62: {=_xlfn.IFS(Tbl_DFR[[#This Row],[Filling Qty]]>=150,"HIGH",Tbl_DFR[[#This Row],[Filling Qty]]>=80,"medium",TRUE,"low")} -> medium | V62: =IF(OR(Tbl_DFR[[#This Row],[CMP]]="HALDWANI",Tbl_DFR[[#This Row],[CMP]]="DEHRADUN"),"YES","NO") -> YES | W62: 45931 | X62: 0.50416667 | Y62: 45931 | Z62: =IFERROR(TEXT(Tbl_DFR[[#This Row],[Date of filling]],"mmm"),"WIP") -> Oct | AA62: =IFERROR(YEAR(Tbl_DFR[[#This Row],[Date of filling]]),"WIP") -> 2025 | AB62: =IFERROR(TEXT(Tbl_DFR[[#This Row],[Date of filling]],"ddd"),"WIP") -> Wed | AC62: Madan Lal | AD62: =_xlfn.XLOOKUP(Tbl_DFR[[#This Row],[SAP]],Site_master[SAP ID],Site_master[ [ TECHNICIAN Name] ],"Not found") -> Madan Lal | AE62: =LEN(Tbl_DFR[[#This Row],[SAP]]) -> 18 | AF62: =IF(Tbl_DFR[[#This Row],[SAP LENGTH]]=18,"valid","check") -> valid
A63: 31 | B63: DEHRADUN | C63: =UPPER(TRIM(Tbl_DFR[[#This Row],[CMP]])) -> DEHRADUN | D63: Vivek Kumar | E63: UK17CA 5823 | F63: VINAY | G63: I-UW-CHRD-ENB-9025 | H63: TXN100126547267 | I63: 45934 | J63: 45935 | K63: =IF(OR(Tbl_DFR[[#This Row],[Date of filling]]="WIP",Tbl_DFR[[#This Row],[Date of Invoice ]]=""),"",Tbl_DFR[[#This Row],[Date of filling]]-Tbl_DFR[[#This Row],[Date of Invoice ]]) -> 1 | L63: =IF(ISNUMBER(Tbl_DFR[[#This Row],[Invoice filling gape]]),"valid","check") -> valid | M63: 2352 | N63: 541 | O63: 40 | P63: 80 | Q63: =IF(Tbl_DFR[[#This Row],[Filling Qty]]>=150,"high","normal") -> normal | R63: =IF(AND(Tbl_DFR[[#This Row],[CMP]]="HALDWANI",Tbl_DFR[[#This Row],[Filling Qty]]>=150),"yes","no") -> no | S63: =IF(Tbl_DFR[[#This Row],[Filling Qty]]>=150,"high",IF(Tbl_DFR[[#This Row],[Filling Qty]]>=80,"medium","low")) -> medium | T63: =P63+O63 -> 120 | U63: {=_xlfn.IFS(Tbl_DFR[[#This Row],[Filling Qty]]>=150,"HIGH",Tbl_DFR[[#This Row],[Filling Qty]]>=80,"medium",TRUE,"low")} -> medium | V63: =IF(OR(Tbl_DFR[[#This Row],[CMP]]="HALDWANI",Tbl_DFR[[#This Row],[CMP]]="DEHRADUN"),"YES","NO") -> YES | W63: 45934 | X63: 45931 | Y63: 45931 | Z63: =IFERROR(TEXT(Tbl_DFR[[#This Row],[Date of filling]],"mmm"),"WIP") -> Oct | AA63: =IFERROR(YEAR(Tbl_DFR[[#This Row],[Date of filling]]),"WIP") -> 2025 | AB63: =IFERROR(TEXT(Tbl_DFR[[#This Row],[Date of filling]],"ddd"),"WIP") -> Sun | AD63: =_xlfn.XLOOKUP(Tbl_DFR[[#This Row],[SAP]],Site_master[SAP ID],Site_master[ [ TECHNICIAN Name] ],"Not found") -> Rohit Saini | AE63: =LEN(Tbl_DFR[[#This Row],[SAP]]) -> 18 | AF63: =IF(Tbl_DFR[[#This Row],[SAP LENGTH]]=18,"valid","check") -> valid
A64: 32 | B64: DEHRADUN | C64: =UPPER(TRIM(Tbl_DFR[[#This Row],[CMP]])) -> DEHRADUN | D64: Vivek Kumar | E64: UK17CA 5823 | F64: VINAY | G64: I-UW-CHRD-ENB-9041 | H64: TXN100126547267 | I64: 45934 | J64: 45934 | K64: =IF(OR(Tbl_DFR[[#This Row],[Date of filling]]="WIP",Tbl_DFR[[#This Row],[Date of Invoice ]]=""),"",Tbl_DFR[[#This Row],[Date of filling]]-Tbl_DFR[[#This Row],[Date of Invoice ]]) -> 0 | L64: =IF(ISNUMBER(Tbl_DFR[[#This Row],[Invoice filling gape]]),"valid","check") -> valid | M64: 12742 | N64: 2895 | O64: 42 | P64: 80 | Q64: =IF(Tbl_DFR[[#This Row],[Filling Qty]]>=150,"high","normal") -> normal | R64: =IF(AND(Tbl_DFR[[#This Row],[CMP]]="HALDWANI",Tbl_DFR[[#This Row],[Filling Qty]]>=150),"yes","no") -> no | S64: =IF(Tbl_DFR[[#This Row],[Filling Qty]]>=150,"high",IF(Tbl_DFR[[#This Row],[Filling Qty]]>=80,"medium","low")) -> medium | T64: =P64+O64 -> 122 | U64: {=_xlfn.IFS(Tbl_DFR[[#This Row],[Filling Qty]]>=150,"HIGH",Tbl_DFR[[#This Row],[Filling Qty]]>=80,"medium",TRUE,"low")} -> medium | V64: =IF(OR(Tbl_DFR[[#This Row],[CMP]]="HALDWANI",Tbl_DFR[[#This Row],[CMP]]="DEHRADUN"),"YES","NO") -> YES | W64: 45934 | X64: 45931 | Y64: 45931 | Z64: =IFERROR(TEXT(Tbl_DFR[[#This Row],[Date of filling]],"mmm"),"WIP") -> Oct | AA64: =IFERROR(YEAR(Tbl_DFR[[#This Row],[Date of filling]]),"WIP") -> 2025 | AB64: =IFERROR(TEXT(Tbl_DFR[[#This Row],[Date of filling]],"ddd"),"WIP") -> Sat | AD64: =_xlfn.XLOOKUP(Tbl_DFR[[#This Row],[SAP]],Site_master[SAP ID],Site_master[ [ TECHNICIAN Name] ],"Not found") -> Anup Singh KLSI | AE64: =LEN(Tbl_DFR[[#This Row],[SAP]]) -> 18 | AF64: =IF(Tbl_DFR[[#This Row],[SAP LENGTH]]=18,"valid","check") -> valid
A65: 32 | B65: HALDWANI | C65: =UPPER(TRIM(Tbl_DFR[[#This Row],[CMP]])) -> HALDWANI | D65: AMIT SINGH | E65: UK02CA0769 | F65: HARI | G65: I-UW-HKGM-ENB-9042 | H65: 93959 | I65: 45931 | J65: 45931 | K65: =IF(OR(Tbl_DFR[[#This Row],[Date of filling]]="WIP",Tbl_DFR[[#This Row],[Date of Invoice ]]=""),"",Tbl_DFR[[#This Row],[Date of filling]]-Tbl_DFR[[#This Row],[Date of Invoice ]]) -> 0 | L65: =IF(ISNUMBER(Tbl_DFR[[#This Row],[Invoice filling gape]]),"valid","check") -> valid | M65: 16141 | N65: 3310 | O65: 16 | P65: 100 | Q65: =IF(Tbl_DFR[[#This Row],[Filling Qty]]>=150,"high","normal") -> normal | R65: =IF(AND(Tbl_DFR[[#This Row],[CMP]]="HALDWANI",Tbl_DFR[[#This Row],[Filling Qty]]>=150),"yes","no") -> no | S65: =IF(Tbl_DFR[[#This Row],[Filling Qty]]>=150,"high",IF(Tbl_DFR[[#This Row],[Filling Qty]]>=80,"medium","low")) -> medium | T65: =P65+O65 -> 116 | U65: {=_xlfn.IFS(Tbl_DFR[[#This Row],[Filling Qty]]>=150,"HIGH",Tbl_DFR[[#This Row],[Filling Qty]]>=80,"medium",TRUE,"low")} -> medium | V65: =IF(OR(Tbl_DFR[[#This Row],[CMP]]="HALDWANI",Tbl_DFR[[#This Row],[CMP]]="DEHRADUN"),"YES","NO") -> YES | W65: 45931 | Y65: 45931 | Z65: =IFERROR(TEXT(Tbl_DFR[[#This Row],[Date of filling]],"mmm"),"WIP") -> Oct | AA65: =IFERROR(YEAR(Tbl_DFR[[#This Row],[Date of filling]]),"WIP") -> 2025 | AB65: =IFERROR(TEXT(Tbl_DFR[[#This Row],[Date of filling]],"ddd"),"WIP") -> Wed | AD65: =_xlfn.XLOOKUP(Tbl_DFR[[#This Row],[SAP]],Site_master[SAP ID],Site_master[ [ TECHNICIAN Name] ],"Not found") -> Rakesh Kumar | AE65: =LEN(Tbl_DFR[[#This Row],[SAP]]) -> 18 | AF65: =IF(Tbl_DFR[[#This Row],[SAP LENGTH]]=18,"valid","check") -> valid
A66: 33 | B66: DEHRADUN | C66: =UPPER(TRIM(Tbl_DFR[[#This Row],[CMP]])) -> DEHRADUN | D66: Vivek Kumar | E66: UK17CA 5823 | F66: VINAY | G66: I-UW-CHRD-ENB-9032 | H66: TXN100126546332 | I66: 45934 | J66: 45934 | K66: =IF(OR(Tbl_DFR[[#This Row],[Date of filling]]="WIP",Tbl_DFR[[#This Row],[Date of Invoice ]]=""),"",Tbl_DFR[[#This Row],[Date of filling]]-Tbl_DFR[[#This Row],[Date of Invoice ]]) -> 0 | L66: =IF(ISNUMBER(Tbl_DFR[[#This Row],[Invoice filling gape]]),"valid","check") -> valid | M66: 1706 | N66: 450 | O66: 47 | P66: 80 | Q66: =IF(Tbl_DFR[[#This Row],[Filling Qty]]>=150,"high","normal") -> normal | R66: =IF(AND(Tbl_DFR[[#This Row],[CMP]]="HALDWANI",Tbl_DFR[[#This Row],[Filling Qty]]>=150),"yes","no") -> no | S66: =IF(Tbl_DFR[[#This Row],[Filling Qty]]>=150,"high",IF(Tbl_DFR[[#This Row],[Filling Qty]]>=80,"medium","low")) -> medium | T66: =P66+O66 -> 127 | U66: {=_xlfn.IFS(Tbl_DFR[[#This Row],[Filling Qty]]>=150,"HIGH",Tbl_DFR[[#This Row],[Filling Qty]]>=80,"medium",TRUE,"low")} -> medium | V66: =IF(OR(Tbl_DFR[[#This Row],[CMP]]="HALDWANI",Tbl_DFR[[#This Row],[CMP]]="DEHRADUN"),"YES","NO") -> YES | W66: 45934 | X66: 45931 | Y66: 45931 | Z66: =IFERROR(TEXT(Tbl_DFR[[#This Row],[Date of filling]],"mmm"),"WIP") -> Oct | AA66: =IFERROR(YEAR(Tbl_DFR[[#This Row],[Date of filling]]),"WIP") -> 2025 | AB66: =IFERROR(TEXT(Tbl_DFR[[#This Row],[Date of filling]],"ddd"),"WIP") -> Sat | AD66: =_xlfn.XLOOKUP(Tbl_DFR[[#This Row],[SAP]],Site_master[SAP ID],Site_master[ [ TECHNICIAN Name] ],"Not found") -> Anup Singh KLSI | AE66: =LEN(Tbl_DFR[[#This Row],[SAP]]) -> 18 | AF66: =IF(Tbl_DFR[[#This Row],[SAP LENGTH]]=18,"valid","check") -> valid
A67: 33 | B67: HALDWANI | C67: =UPPER(TRIM(Tbl_DFR[[#This Row],[CMP]])) -> HALDWANI | D67: AMIT SINGH | E67: UK02CA0769 | F67: HARI | G67: I-UW-HKGM-ENB-9044 | H67: 94114 | I67: 45931 | J67: 45931 | K67: =IF(OR(Tbl_DFR[[#This Row],[Date of filling]]="WIP",Tbl_DFR[[#This Row],[Date of Invoice ]]=""),"",Tbl_DFR[[#This Row],[Date of filling]]-Tbl_DFR[[#This Row],[Date of Invoice ]]) -> 0 | L67: =IF(ISNUMBER(Tbl_DFR[[#This Row],[Invoice filling gape]]),"valid","check") -> valid | M67: 4202 | N67: 1194 | O67: 50 | P67: 40 | Q67: =IF(Tbl_DFR[[#This Row],[Filling Qty]]>=150,"high","normal") -> normal | R67: =IF(AND(Tbl_DFR[[#This Row],[CMP]]="HALDWANI",Tbl_DFR[[#This Row],[Filling Qty]]>=150),"yes","no") -> no | S67: =IF(Tbl_DFR[[#This Row],[Filling Qty]]>=150,"high",IF(Tbl_DFR[[#This Row],[Filling Qty]]>=80,"medium","low")) -> low | T67: =P67+O67 -> 90 | U67: {=_xlfn.IFS(Tbl_DFR[[#This Row],[Filling Qty]]>=150,"HIGH",Tbl_DFR[[#This Row],[Filling Qty]]>=80,"medium",TRUE,"low")} -> low | V67: =IF(OR(Tbl_DFR[[#This Row],[CMP]]="HALDWANI",Tbl_DFR[[#This Row],[CMP]]="DEHRADUN"),"YES","NO") -> YES | W67: 45931 | X67: 0.45069444 | Y67: 45931 | Z67: =IFERROR(TEXT(Tbl_DFR[[#This Row],[Date of filling]],"mmm"),"WIP") -> Oct | AA67: =IFERROR(YEAR(Tbl_DFR[[#This Row],[Date of filling]]),"WIP") -> 2025 | AB67: =IFERROR(TEXT(Tbl_DFR[[#This Row],[Date of filling]],"ddd"),"WIP") -> Wed | AC67: Bhupendra Singh | AD67: =_xlfn.XLOOKUP(Tbl_DFR[[#This Row],[SAP]],Site_master[SAP ID],Site_master[ [ TECHNICIAN Name] ],"Not found") -> Bhupendra Singh | AE67: =LEN(Tbl_DFR[[#This Row],[SAP]]) -> 18 | AF67: =IF(Tbl_DFR[[#This Row],[SAP LENGTH]]=18,"valid","check") -> valid
A68: 34 | B68: HALDWANI | C68: =UPPER(TRIM(Tbl_DFR[[#This Row],[CMP]])) -> HALDWANI | D68: AMIT SINGH | E68: UK02CA0769 | F68: HARI | G68: I-UW-HKGM-ENB-9053 | H68: 94114 | I68: 45931 | J68: 45931 | K68: =IF(OR(Tbl_DFR[[#This Row],[Date of filling]]="WIP",Tbl_DFR[[#This Row],[Date of Invoice ]]=""),"",Tbl_DFR[[#This Row],[Date of filling]]-Tbl_DFR[[#This Row],[Date of Invoice ]]) -> 0 | L68: =IF(ISNUMBER(Tbl_DFR[[#This Row],[Invoice filling gape]]),"valid","check") -> valid | M68: 2551 | N68: 694 | O68: 12 | P68: 120 | Q68: =IF(Tbl_DFR[[#This Row],[Filling Qty]]>=150,"high","normal") -> normal | R68: =IF(AND(Tbl_DFR[[#This Row],[CMP]]="HALDWANI",Tbl_DFR[[#This Row],[Filling Qty]]>=150),"yes","no") -> no | S68: =IF(Tbl_DFR[[#This Row],[Filling Qty]]>=150,"high",IF(Tbl_DFR[[#This Row],[Filling Qty]]>=80,"medium","low")) -> medium | T68: =P68+O68 -> 132 | U68: {=_xlfn.IFS(Tbl_DFR[[#This Row],[Filling Qty]]>=150,"HIGH",Tbl_DFR[[#This Row],[Filling Qty]]>=80,"medium",TRUE,"low")} -> medium | V68: =IF(OR(Tbl_DFR[[#This Row],[CMP]]="HALDWANI",Tbl_DFR[[#This Row],[CMP]]="DEHRADUN"),"YES","NO") -> YES | W68: 45931 | X68: 0.56041667 | Y68: 45931 | Z68: =IFERROR(TEXT(Tbl_DFR[[#This Row],[Date of filling]],"mmm"),"WIP") -> Oct | AA68: =IFERROR(YEAR(Tbl_DFR[[#This Row],[Date of filling]]),"WIP") -> 2025 | AB68: =IFERROR(TEXT(Tbl_DFR[[#This Row],[Date of filling]],"ddd"),"WIP") -> Wed | AC68: Madan Lal | AD68: =_xlfn.XLOOKUP(Tbl_DFR[[#This Row],[SAP]],Site_master[SAP ID],Site_master[ [ TECHNICIAN Name] ],"Not found") -> Madan Lal | AE68: =LEN(Tbl_DFR[[#This Row],[SAP]]) -> 18 | AF68: =IF(Tbl_DFR[[#This Row],[SAP LENGTH]]=18,"valid","check") -> valid
A69: 34 | B69: DEHRADUN | C69: =UPPER(TRIM(Tbl_DFR[[#This Row],[CMP]])) -> DEHRADUN | D69: Vivek Kumar | E69: UK17CA 5823 | F69: VINAY | G69: I-UW-KLSI-ENB-9022 | H69: TXN100126546332 | I69: 45934 | J69: 45934 | K69: =IF(OR(Tbl_DFR[[#This Row],[Date of filling]]="WIP",Tbl_DFR[[#This Row],[Date of Invoice ]]=""),"",Tbl_DFR[[#This Row],[Date of filling]]-Tbl_DFR[[#This Row],[Date of Invoice ]]) -> 0 | L69: =IF(ISNUMBER(Tbl_DFR[[#This Row],[Invoice filling gape]]),"valid","check") -> valid | M69: 3789 | N69: 774 | O69: 30 | P69: 80 | Q69: =IF(Tbl_DFR[[#This Row],[Filling Qty]]>=150,"high","normal") -> normal | R69: =IF(AND(Tbl_DFR[[#This Row],[CMP]]="HALDWANI",Tbl_DFR[[#This Row],[Filling Qty]]>=150),"yes","no") -> no | S69: =IF(Tbl_DFR[[#This Row],[Filling Qty]]>=150,"high",IF(Tbl_DFR[[#This Row],[Filling Qty]]>=80,"medium","low")) -> medium | T69: =P69+O69 -> 110 | U69: {=_xlfn.IFS(Tbl_DFR[[#This Row],[Filling Qty]]>=150,"HIGH",Tbl_DFR[[#This Row],[Filling Qty]]>=80,"medium",TRUE,"low")} -> medium | V69: =IF(OR(Tbl_DFR[[#This Row],[CMP]]="HALDWANI",Tbl_DFR[[#This Row],[CMP]]="DEHRADUN"),"YES","NO") -> YES | W69: 45934 | X69: 45931 | Y69: 45931 | Z69: =IFERROR(TEXT(Tbl_DFR[[#This Row],[Date of filling]],"mmm"),"WIP") -> Oct | AA69: =IFERROR(YEAR(Tbl_DFR[[#This Row],[Date of filling]]),"WIP") -> 2025 | AB69: =IFERROR(TEXT(Tbl_DFR[[#This Row],[Date of filling]],"ddd"),"WIP") -> Sat | AD69: =_xlfn.XLOOKUP(Tbl_DFR[[#This Row],[SAP]],Site_master[SAP ID],Site_master[ [ TECHNICIAN Name] ],"Not found") -> Anup Singh KLSI | AE69: =LEN(Tbl_DFR[[#This Row],[SAP]]) -> 18 | AF69: =IF(Tbl_DFR[[#This Row],[SAP LENGTH]]=18,"valid","check") -> valid
A70: 35 | B70: DEHRADUN | C70: =UPPER(TRIM(Tbl_DFR[[#This Row],[CMP]])) -> DEHRADUN | D70: Vivek Kumar | E70: UK17CA 5823 | F70: VINAY | G70: I-UW-KLSI-ENB-9034 | H70: TXN100126546332 | I70: 45934 | J70: 45935 | K70: =IF(OR(Tbl_DFR[[#This Row],[Date of filling]]="WIP",Tbl_DFR[[#This Row],[Date of Invoice ]]=""),"",Tbl_DFR[[#This Row],[Date of filling]]-Tbl_DFR[[#This Row],[Date of Invoice ]]) -> 1 | L70: =IF(ISNUMBER(Tbl_DFR[[#This Row],[Invoice filling gape]]),"valid","check") -> valid | M70: 8251 | N70: 1913 | O70: 52 | P70: 80 | Q70: =IF(Tbl_DFR[[#This Row],[Filling Qty]]>=150,"high","normal") -> normal | R70: =IF(AND(Tbl_DFR[[#This Row],[CMP]]="HALDWANI",Tbl_DFR[[#This Row],[Filling Qty]]>=150),"yes","no") -> no | S70: =IF(Tbl_DFR[[#This Row],[Filling Qty]]>=150,"high",IF(Tbl_DFR[[#This Row],[Filling Qty]]>=80,"medium","low")) -> medium | T70: =P70+O70 -> 132 | U70: {=_xlfn.IFS(Tbl_DFR[[#This Row],[Filling Qty]]>=150,"HIGH",Tbl_DFR[[#This Row],[Filling Qty]]>=80,"medium",TRUE,"low")} -> medium | V70: =IF(OR(Tbl_DFR[[#This Row],[CMP]]="HALDWANI",Tbl_DFR[[#This Row],[CMP]]="DEHRADUN"),"YES","NO") -> YES | W70: 45934 | X70: 45931 | Y70: 45931 | Z70: =IFERROR(TEXT(Tbl_DFR[[#This Row],[Date of filling]],"mmm"),"WIP") -> Oct | AA70: =IFERROR(YEAR(Tbl_DFR[[#This Row],[Date of filling]]),"WIP") -> 2025 | AB70: =IFERROR(TEXT(Tbl_DFR[[#This Row],[Date of filling]],"ddd"),"WIP") -> Sun | AD70: =_xlfn.XLOOKUP(Tbl_DFR[[#This Row],[SAP]],Site_master[SAP ID],Site_master[ [ TECHNICIAN Name] ],"Not found") -> Rohit Saini | AE70: =LEN(Tbl_DFR[[#This Row],[SAP]]) -> 18 | AF70: =IF(Tbl_DFR[[#This Row],[SAP LENGTH]]=18,"valid","check") -> valid
A71: 35 | B71: HALDWANI | C71: =UPPER(TRIM(Tbl_DFR[[#This Row],[CMP]])) -> HALDWANI | D71: AMIT SINGH | E71: UK02CA0769 | F71: HARI | G71: I-UW-HKGM-ENB-9084 | H71: 94114 | I71: 45931 | J71: 45931 | K71: =IF(OR(Tbl_DFR[[#This Row],[Date of filling]]="WIP",Tbl_DFR[[#This Row],[Date of Invoice ]]=""),"",Tbl_DFR[[#This Row],[Date of filling]]-Tbl_DFR[[#This Row],[Date of Invoice ]]) -> 0 | L71: =IF(ISNUMBER(Tbl_DFR[[#This Row],[Invoice filling gape]]),"valid","check") -> valid | M71: 2307 | N71: 341 | O71: 23 | P71: 80 | Q71: =IF(Tbl_DFR[[#This Row],[Filling Qty]]>=150,"high","normal") -> normal | R71: =IF(AND(Tbl_DFR[[#This Row],[CMP]]="HALDWANI",Tbl_DFR[[#This Row],[Filling Qty]]>=150),"yes","no") -> no | S71: =IF(Tbl_DFR[[#This Row],[Filling Qty]]>=150,"high",IF(Tbl_DFR[[#This Row],[Filling Qty]]>=80,"medium","low")) -> medium | T71: =P71+O71 -> 103 | U71: {=_xlfn.IFS(Tbl_DFR[[#This Row],[Filling Qty]]>=150,"HIGH",Tbl_DFR[[#This Row],[Filling Qty]]>=80,"medium",TRUE,"low")} -> medium | V71: =IF(OR(Tbl_DFR[[#This Row],[CMP]]="HALDWANI",Tbl_DFR[[#This Row],[CMP]]="DEHRADUN"),"YES","NO") -> YES | W71: 45931 | Y71: 45931 | Z71: =IFERROR(TEXT(Tbl_DFR[[#This Row],[Date of filling]],"mmm"),"WIP") -> Oct | AA71: =IFERROR(YEAR(Tbl_DFR[[#This Row],[Date of filling]]),"WIP") -> 2025 | AB71: =IFERROR(TEXT(Tbl_DFR[[#This Row],[Date of filling]],"ddd"),"WIP") -> Wed | AD71: =_xlfn.XLOOKUP(Tbl_DFR[[#This Row],[SAP]],Site_master[SAP ID],Site_master[ [ TECHNICIAN Name] ],"Not found") -> Jitendra Kumar HKGM | AE71: =LEN(Tbl_DFR[[#This Row],[SAP]]) -> 18 | AF71: =IF(Tbl_DFR[[#This Row],[SAP LENGTH]]=18,"valid","check") -> valid
A72: 36 | B72: DEHRADUN | C72: =UPPER(TRIM(Tbl_DFR[[#This Row],[CMP]])) -> DEHRADUN | D72: Vivek Kumar | E72: UK17CA 5823 | F72: VINAY | G72: I-UW-DNUI-ENB-9001 | H72: TXN100126546332 | I72: 45934 | J72: 45936 | K72: =IF(OR(Tbl_DFR[[#This Row],[Date of filling]]="WIP",Tbl_DFR[[#This Row],[Date of Invoice ]]=""),"",Tbl_DFR[[#This Row],[Date of filling]]-Tbl_DFR[[#This Row],[Date of Invoice ]]) -> 2 | L72: =IF(ISNUMBER(Tbl_DFR[[#This Row],[Invoice filling gape]]),"valid","check") -> valid | M72: 2455 | N72: 602 | O72: 45 | P72: 80 | Q72: =IF(Tbl_DFR[[#This Row],[Filling Qty]]>=150,"high","normal") -> normal | R72: =IF(AND(Tbl_DFR[[#This Row],[CMP]]="HALDWANI",Tbl_DFR[[#This Row],[Filling Qty]]>=150),"yes","no") -> no | S72: =IF(Tbl_DFR[[#This Row],[Filling Qty]]>=150,"high",IF(Tbl_DFR[[#This Row],[Filling Qty]]>=80,"medium","low")) -> medium | T72: =P72+O72 -> 125 | U72: {=_xlfn.IFS(Tbl_DFR[[#This Row],[Filling Qty]]>=150,"HIGH",Tbl_DFR[[#This Row],[Filling Qty]]>=80,"medium",TRUE,"low")} -> medium | V72: =IF(OR(Tbl_DFR[[#This Row],[CMP]]="HALDWANI",Tbl_DFR[[#This Row],[CMP]]="DEHRADUN"),"YES","NO") -> YES | W72: 45934 | X72: 45931 | Y72: 45931 | Z72: =IFERROR(TEXT(Tbl_DFR[[#This Row],[Date of filling]],"mmm"),"WIP") -> Oct | AA72: =IFERROR(YEAR(Tbl_DFR[[#This Row],[Date of filling]]),"WIP") -> 2025 | AB72: =IFERROR(TEXT(Tbl_DFR[[#This Row],[Date of filling]],"ddd"),"WIP") -> Mon | AD72: =_xlfn.XLOOKUP(Tbl_DFR[[#This Row],[SAP]],Site_master[SAP ID],Site_master[ [ TECHNICIAN Name] ],"Not found") -> Gaurav Kamboj | AE72: =LEN(Tbl_DFR[[#This Row],[SAP]]) -> 18 | AF72: =IF(Tbl_DFR[[#This Row],[SAP LENGTH]]=18,"valid","check") -> valid
A73: 36 | B73: HALDWANI | C73: =UPPER(TRIM(Tbl_DFR[[#This Row],[CMP]])) -> HALDWANI | D73: AMIT SINGH | E73: UK02CA0769 | F73: HARI | G73: I-UW-HKGM-ENB-9087 | H73: 93959 | I73: 45931 | J73: 45931 | K73: =IF(OR(Tbl_DFR[[#This Row],[Date of filling]]="WIP",Tbl_DFR[[#This Row],[Date of Invoice ]]=""),"",Tbl_DFR[[#This Row],[Date of filling]]-Tbl_DFR[[#This Row],[Date of Invoice ]]) -> 0 | L73: =IF(ISNUMBER(Tbl_DFR[[#This Row],[Invoice filling gape]]),"valid","check") -> valid | M73: 3931 | N73: 486 | O73: 87 | P73: 100 | Q73: =IF(Tbl_DFR[[#This Row],[Filling Qty]]>=150,"high","normal") -> normal | R73: =IF(AND(Tbl_DFR[[#This Row],[CMP]]="HALDWANI",Tbl_DFR[[#This Row],[Filling Qty]]>=150),"yes","no") -> no | S73: =IF(Tbl_DFR[[#This Row],[Filling Qty]]>=150,"high",IF(Tbl_DFR[[#This Row],[Filling Qty]]>=80,"medium","low")) -> medium | T73: =P73+O73 -> 187 | U73: {=_xlfn.IFS(Tbl_DFR[[#This Row],[Filling Qty]]>=150,"HIGH",Tbl_DFR[[#This Row],[Filling Qty]]>=80,"medium",TRUE,"low")} -> medium | V73: =IF(OR(Tbl_DFR[[#This Row],[CMP]]="HALDWANI",Tbl_DFR[[#This Row],[CMP]]="DEHRADUN"),"YES","NO") -> YES | W73: 45931 | Y73: 45931 | Z73: =IFERROR(TEXT(Tbl_DFR[[#This Row],[Date of filling]],"mmm"),"WIP") -> Oct | AA73: =IFERROR(YEAR(Tbl_DFR[[#This Row],[Date of filling]]),"WIP") -> 2025 | AB73: =IFERROR(TEXT(Tbl_DFR[[#This Row],[Date of filling]],"ddd"),"WIP") -> Wed | AD73: =_xlfn.XLOOKUP(Tbl_DFR[[#This Row],[SAP]],Site_master[SAP ID],Site_master[ [ TECHNICIAN Name] ],"Not found") -> Munendra singh | AE73: =LEN(Tbl_DFR[[#This Row],[SAP]]) -> 18 | AF73: =IF(Tbl_DFR[[#This Row],[SAP LENGTH]]=18,"valid","check") -> valid
A74: 37 | B74: DEHRADUN | C74: =UPPER(TRIM(Tbl_DFR[[#This Row],[CMP]])) -> DEHRADUN | D74: Vivek Kumar | E74: UK17CA 5823 | F74: VINAY | G74: I-UW-TATR-ENB-9001 | H74: TXN100126546332 | I74: 45934 | J74: 45936 | K74: =IF(OR(Tbl_DFR[[#This Row],[Date of filling]]="WIP",Tbl_DFR[[#This Row],[Date of Invoice ]]=""),"",Tbl_DFR[[#This Row],[Date of filling]]-Tbl_DFR[[#This Row],[Date of Invoice ]]) -> 2 | L74: =IF(ISNUMBER(Tbl_DFR[[#This Row],[Invoice filling gape]]),"valid","check") -> valid | M74: 1134 | N74: 301 | O74: 60 | P74: 80 | Q74: =IF(Tbl_DFR[[#This Row],[Filling Qty]]>=150,"high","normal") -> normal | R74: =IF(AND(Tbl_DFR[[#This Row],[CMP]]="HALDWANI",Tbl_DFR[[#This Row],[Filling Qty]]>=150),"yes","no") -> no | S74: =IF(Tbl_DFR[[#This Row],[Filling Qty]]>=150,"high",IF(Tbl_DFR[[#This Row],[Filling Qty]]>=80,"medium","low")) -> medium | T74: =P74+O74 -> 140 | U74: {=_xlfn.IFS(Tbl_DFR[[#This Row],[Filling Qty]]>=150,"HIGH",Tbl_DFR[[#This Row],[Filling Qty]]>=80,"medium",TRUE,"low")} -> medium | V74: =IF(OR(Tbl_DFR[[#This Row],[CMP]]="HALDWANI",Tbl_DFR[[#This Row],[CMP]]="DEHRADUN"),"YES","NO") -> YES | W74: 45934 | X74: 45931 | Y74: 45931 | Z74: =IFERROR(TEXT(Tbl_DFR[[#This Row],[Date of filling]],"mmm"),"WIP") -> Oct | AA74: =IFERROR(YEAR(Tbl_DFR[[#This Row],[Date of filling]]),"WIP") -> 2025 | AB74: =IFERROR(TEXT(Tbl_DFR[[#This Row],[Date of filling]],"ddd"),"WIP") -> Mon | AD74: =_xlfn.XLOOKUP(Tbl_DFR[[#This Row],[SAP]],Site_master[SAP ID],Site_master[ [ TECHNICIAN Name] ],"Not found") -> Gaurav Kamboj | AE74: =LEN(Tbl_DFR[[#This Row],[SAP]]) -> 18 | AF74: =IF(Tbl_DFR[[#This Row],[SAP LENGTH]]=18,"valid","check") -> valid
A75: 37 | B75: HALDWANI | C75: =UPPER(TRIM(Tbl_DFR[[#This Row],[CMP]])) -> HALDWANI | D75: Aashish Rai | E75: UP21ET8573 | F75: AMAN | G75: I-UW-KELK-ENB-9001 | H75: 80853 | I75: 45931 | J75: 45931 | K75: =IF(OR(Tbl_DFR[[#This Row],[Date of filling]]="WIP",Tbl_DFR[[#This Row],[Date of Invoice ]]=""),"",Tbl_DFR[[#This Row],[Date of filling]]-Tbl_DFR[[#This Row],[Date of Invoice ]]) -> 0 | L75: =IF(ISNUMBER(Tbl_DFR[[#This Row],[Invoice filling gape]]),"valid","check") -> valid | M75: 5800 | N75: 950 | O75: 16 | P75: 60 | Q75: =IF(Tbl_DFR[[#This Row],[Filling Qty]]>=150,"high","normal") -> normal | R75: =IF(AND(Tbl_DFR[[#This Row],[CMP]]="HALDWANI",Tbl_DFR[[#This Row],[Filling Qty]]>=150),"yes","no") -> no | S75: =IF(Tbl_DFR[[#This Row],[Filling Qty]]>=150,"high",IF(Tbl_DFR[[#This Row],[Filling Qty]]>=80,"medium","low")) -> low | T75: =P75+O75 -> 76 | U75: {=_xlfn.IFS(Tbl_DFR[[#This Row],[Filling Qty]]>=150,"HIGH",Tbl_DFR[[#This Row],[Filling Qty]]>=80,"medium",TRUE,"low")} -> low | V75: =IF(OR(Tbl_DFR[[#This Row],[CMP]]="HALDWANI",Tbl_DFR[[#This Row],[CMP]]="DEHRADUN"),"YES","NO") -> YES | W75: 45931 | X75: 0.525 | Y75: 45931 | Z75: =IFERROR(TEXT(Tbl_DFR[[#This Row],[Date of filling]],"mmm"),"WIP") -> Oct | AA75: =IFERROR(YEAR(Tbl_DFR[[#This Row],[Date of filling]]),"WIP") -> 2025 | AB75: =IFERROR(TEXT(Tbl_DFR[[#This Row],[Date of filling]],"ddd"),"WIP") -> Wed | AC75: Kapil Pal | AD75: =_xlfn.XLOOKUP(Tbl_DFR[[#This Row],[SAP]],Site_master[SAP ID],Site_master[ [ TECHNICIAN Name] ],"Not found") -> Kapil Pal | AE75: =LEN(Tbl_DFR[[#This Row],[SAP]]) -> 18 | AF75: =IF(Tbl_DFR[[#This Row],[SAP LENGTH]]=18,"valid","check") -> valid
A76: 38 | B76: DEHRADUN | C76: =UPPER(TRIM(Tbl_DFR[[#This Row],[CMP]])) -> DEHRADUN | D76: Vivek Kumar | E76: UK17CA 5823 | F76: VINAY | G76: I-UW-CHRD-ENB-9036 | H76: TXN100126546332 | I76: 45934 | J76: 45936 | K76: =IF(OR(Tbl_DFR[[#This Row],[Date of filling]]="WIP",Tbl_DFR[[#This Row],[Date of Invoice ]]=""),"",Tbl_DFR[[#This Row],[Date of filling]]-Tbl_DFR[[#This Row],[Date of Invoice ]]) -> 2 | L76: =IF(ISNUMBER(Tbl_DFR[[#This Row],[Invoice filling gape]]),"valid","check") -> valid | M76: 8771 | N76: 577 | O76: 5 | P76: 80 | Q76: =IF(Tbl_DFR[[#This Row],[Filling Qty]]>=150,"high","normal") -> normal | R76: =IF(AND(Tbl_DFR[[#This Row],[CMP]]="HALDWANI",Tbl_DFR[[#This Row],[Filling Qty]]>=150),"yes","no") -> no | S76: =IF(Tbl_DFR[[#This Row],[Filling Qty]]>=150,"high",IF(Tbl_DFR[[#This Row],[Filling Qty]]>=80,"medium","low")) -> medium | T76: =P76+O76 -> 85 | U76: {=_xlfn.IFS(Tbl_DFR[[#This Row],[Filling Qty]]>=150,"HIGH",Tbl_DFR[[#This Row],[Filling Qty]]>=80,"medium",TRUE,"low")} -> medium | V76: =IF(OR(Tbl_DFR[[#This Row],[CMP]]="HALDWANI",Tbl_DFR[[#This Row],[CMP]]="DEHRADUN"),"YES","NO") -> YES | W76: 45934 | X76: 45931 | Y76: 45931 | Z76: =IFERROR(TEXT(Tbl_DFR[[#This Row],[Date of filling]],"mmm"),"WIP") -> Oct | AA76: =IFERROR(YEAR(Tbl_DFR[[#This Row],[Date of filling]]),"WIP") -> 2025 | AB76: =IFERROR(TEXT(Tbl_DFR[[#This Row],[Date of filling]],"ddd"),"WIP") -> Mon | AD76: =_xlfn.XLOOKUP(Tbl_DFR[[#This Row],[SAP]],Site_master[SAP ID],Site_master[ [ TECHNICIAN Name] ],"Not found") -> Shyam Singh Rana | AE76: =LEN(Tbl_DFR[[#This Row],[SAP]]) -> 18 | AF76: =IF(Tbl_DFR[[#This Row],[SAP LENGTH]]=18,"valid","check") -> valid
A77: 38 | B77: HALDWANI | C77: =UPPER(TRIM(Tbl_DFR[[#This Row],[CMP]])) -> HALDWANI | D77: Aashish Rai | E77: UP21FT5612 | F77: JAVED | G77: I-UW-KHJS-ENB-9003 | H77: 81526 | I77: 45931 | J77: 45931 | K77: =IF(OR(Tbl_DFR[[#This Row],[Date of filling]]="WIP",Tbl_DFR[[#This Row],[Date of Invoice ]]=""),"",Tbl_DFR[[#This Row],[Date of filling]]-Tbl_DFR[[#This Row],[Date of Invoice ]]) -> 0 | L77: =IF(ISNUMBER(Tbl_DFR[[#This Row],[Invoice filling gape]]),"valid","check") -> valid | M77: 16698 | N77: 4485 | O77: 31 | P77: 60 | Q77: =IF(Tbl_DFR[[#This Row],[Filling Qty]]>=150,"high","normal") -> normal | R77: =IF(AND(Tbl_DFR[[#This Row],[CMP]]="HALDWANI",Tbl_DFR[[#This Row],[Filling Qty]]>=150),"yes","no") -> no | S77: =IF(Tbl_DFR[[#This Row],[Filling Qty]]>=150,"high",IF(Tbl_DFR[[#This Row],[Filling Qty]]>=80,"medium","low")) -> low | T77: =P77+O77 -> 91 | U77: {=_xlfn.IFS(Tbl_DFR[[#This Row],[Filling Qty]]>=150,"HIGH",Tbl_DFR[[#This Row],[Filling Qty]]>=80,"medium",TRUE,"low")} -> low | V77: =IF(OR(Tbl_DFR[[#This Row],[CMP]]="HALDWANI",Tbl_DFR[[#This Row],[CMP]]="DEHRADUN"),"YES","NO") -> YES | W77: 45931 | X77: 0.4 | Y77: 45931 | Z77: =IFERROR(TEXT(Tbl_DFR[[#This Row],[Date of filling]],"mmm"),"WIP") -> Oct | AA77: =IFERROR(YEAR(Tbl_DFR[[#This Row],[Date of filling]]),"WIP") -> 2025 | AB77: =IFERROR(TEXT(Tbl_DFR[[#This Row],[Date of filling]],"ddd"),"WIP") -> Wed | AC77: RAJKUMAR | AD77: =_xlfn.XLOOKUP(Tbl_DFR[[#This Row],[SAP]],Site_master[SAP ID],Site_master[ [ TECHNICIAN Name] ],"Not found") -> Raj Kumar | AE77: =LEN(Tbl_DFR[[#This Row],[SAP]]) -> 18 | AF77: =IF(Tbl_DFR[[#This Row],[SAP LENGTH]]=18,"valid","check") -> valid
A78: 39 | B78: DEHRADUN | C78: =UPPER(TRIM(Tbl_DFR[[#This Row],[CMP]])) -> DEHRADUN | D78: Vivek Kumar | E78: UK08CB0821 | F78: SURENDRA | G78: I-UW-VKSN-ENB-9082 | H78: TXN100126582100 | I78: 45934 | J78: 45934 | K78: =IF(OR(Tbl_DFR[[#This Row],[Date of filling]]="WIP",Tbl_DFR[[#This Row],[Date of Invoice ]]=""),"",Tbl_DFR[[#This Row],[Date of filling]]-Tbl_DFR[[#This Row],[Date of Invoice ]]) -> 0 | L78: =IF(ISNUMBER(Tbl_DFR[[#This Row],[Invoice filling gape]]),"valid","check") -> valid | M78: 4084 | N78: 976 | O78: 12 | P78: 60 | Q78: =IF(Tbl_DFR[[#This Row],[Filling Qty]]>=150,"high","normal") -> normal | R78: =IF(AND(Tbl_DFR[[#This Row],[CMP]]="HALDWANI",Tbl_DFR[[#This Row],[Filling Qty]]>=150),"yes","no") -> no | S78: =IF(Tbl_DFR[[#This Row],[Filling Qty]]>=150,"high",IF(Tbl_DFR[[#This Row],[Filling Qty]]>=80,"medium","low")) -> low | T78: =P78+O78 -> 72 | U78: {=_xlfn.IFS(Tbl_DFR[[#This Row],[Filling Qty]]>=150,"HIGH",Tbl_DFR[[#This Row],[Filling Qty]]>=80,"medium",TRUE,"low")} -> low | V78: =IF(OR(Tbl_DFR[[#This Row],[CMP]]="HALDWANI",Tbl_DFR[[#This Row],[CMP]]="DEHRADUN"),"YES","NO") -> YES | W78: 45934 | X78: 45931 | Y78: 45931 | Z78: =IFERROR(TEXT(Tbl_DFR[[#This Row],[Date of filling]],"mmm"),"WIP") -> Oct | AA78: =IFERROR(YEAR(Tbl_DFR[[#This Row],[Date of filling]]),"WIP") -> 2025 | AB78: =IFERROR(TEXT(Tbl_DFR[[#This Row],[Date of filling]],"ddd"),"WIP") -> Sat | AD78: =_xlfn.XLOOKUP(Tbl_DFR[[#This Row],[SAP]],Site_master[SAP ID],Site_master[ [ TECHNICIAN Name] ],"Not found") -> Gaurav Saini | AE78: =LEN(Tbl_DFR[[#This Row],[SAP]]) -> 18 | AF78: =IF(Tbl_DFR[[#This Row],[SAP LENGTH]]=18,"valid","check") -> valid
A79: 39 | B79: HALDWANI | C79: =UPPER(TRIM(Tbl_DFR[[#This Row],[CMP]])) -> HALDWANI | D79: Aashish Rai | E79: UP21FT5612 | F79: JAVED | G79: I-UW-KHJS-ENB-9004 | H79: 81236 | I79: 45931 | J79: 45931 | K79: =IF(OR(Tbl_DFR[[#This Row],[Date of filling]]="WIP",Tbl_DFR[[#This Row],[Date of Invoice ]]=""),"",Tbl_DFR[[#This Row],[Date of filling]]-Tbl_DFR[[#This Row],[Date of Invoice ]]) -> 0 | L79: =IF(ISNUMBER(Tbl_DFR[[#This Row],[Invoice filling gape]]),"valid","check") -> valid | M79: 10596 | N79: 3055 | O79: 20 | P79: 60 | Q79: =IF(Tbl_DFR[[#This Row],[Filling Qty]]>=150,"high","normal") -> normal | R79: =IF(AND(Tbl_DFR[[#This Row],[CMP]]="HALDWANI",Tbl_DFR[[#This Row],[Filling Qty]]>=150),"yes","no") -> no | S79: =IF(Tbl_DFR[[#This Row],[Filling Qty]]>=150,"high",IF(Tbl_DFR[[#This Row],[Filling Qty]]>=80,"medium","low")) -> low | T79: =P79+O79 -> 80 | U79: {=_xlfn.IFS(Tbl_DFR[[#This Row],[Filling Qty]]>=150,"HIGH",Tbl_DFR[[#This Row],[Filling Qty]]>=80,"medium",TRUE,"low")} -> low | V79: =IF(OR(Tbl_DFR[[#This Row],[CMP]]="HALDWANI",Tbl_DFR[[#This Row],[CMP]]="DEHRADUN"),"YES","NO") -> YES | W79: 45931 | Y79: 45931 | Z79: =IFERROR(TEXT(Tbl_DFR[[#This Row],[Date of filling]],"mmm"),"WIP") -> Oct | AA79: =IFERROR(YEAR(Tbl_DFR[[#This Row],[Date of filling]]),"WIP") -> 2025 | AB79: =IFERROR(TEXT(Tbl_DFR[[#This Row],[Date of filling]],"ddd"),"WIP") -> Wed | AD79: =_xlfn.XLOOKUP(Tbl_DFR[[#This Row],[SAP]],Site_master[SAP ID],Site_master[ [ TECHNICIAN Name] ],"Not found") -> Raj Kumar | AE79: =LEN(Tbl_DFR[[#This Row],[SAP]]) -> 18 | AF79: =IF(Tbl_DFR[[#This Row],[SAP LENGTH]]=18,"valid","check") -> valid
A80: 40 | B80: DEHRADUN | C80: =UPPER(TRIM(Tbl_DFR[[#This Row],[CMP]])) -> DEHRADUN | D80: Vivek Kumar | E80: UK08CB0821 | F80: SURENDRA | G80: I-UW-DRDN-ENB-0196 | H80: TXN100126582100 | I80: 45934 | J80: 45940 | K80: =IF(OR(Tbl_DFR[[#This Row],[Date of filling]]="WIP",Tbl_DFR[[#This Row],[Date of Invoice ]]=""),"",Tbl_DFR[[#This Row],[Date of filling]]-Tbl_DFR[[#This Row],[Date of Invoice ]]) -> 6 | L80: =IF(ISNUMBER(Tbl_DFR[[#This Row],[Invoice filling gape]]),"valid","check") -> valid | M80: 5678 | N80: 1514 | O80: 24 | P80: 60 | Q80: =IF(Tbl_DFR[[#This Row],[Filling Qty]]>=150,"high","normal") -> normal | R80: =IF(AND(Tbl_DFR[[#This Row],[CMP]]="HALDWANI",Tbl_DFR[[#This Row],[Filling Qty]]>=150),"yes","no") -> no | S80: =IF(Tbl_DFR[[#This Row],[Filling Qty]]>=150,"high",IF(Tbl_DFR[[#This Row],[Filling Qty]]>=80,"medium","low")) -> low | T80: =P80+O80 -> 84 | U80: {=_xlfn.IFS(Tbl_DFR[[#This Row],[Filling Qty]]>=150,"HIGH",Tbl_DFR[[#This Row],[Filling Qty]]>=80,"medium",TRUE,"low")} -> low | V80: =IF(OR(Tbl_DFR[[#This Row],[CMP]]="HALDWANI",Tbl_DFR[[#This Row],[CMP]]="DEHRADUN"),"YES","NO") -> YES | W80: 45934 | X80: 45931 | Y80: 45931 | Z80: =IFERROR(TEXT(Tbl_DFR[[#This Row],[Date of filling]],"mmm"),"WIP") -> Oct | AA80: =IFERROR(YEAR(Tbl_DFR[[#This Row],[Date of filling]]),"WIP") -> 2025 | AB80: =IFERROR(TEXT(Tbl_DFR[[#This Row],[Date of filling]],"ddd"),"WIP") -> Fri | AD80: =_xlfn.XLOOKUP(Tbl_DFR[[#This Row],[SAP]],Site_master[SAP ID],Site_master[ [ TECHNICIAN Name] ],"Not found") -> Umesh Kumar | AE80: =LEN(Tbl_DFR[[#This Row],[SAP]]) -> 18 | AF80: =IF(Tbl_DFR[[#This Row],[SAP LENGTH]]=18,"valid","check") -> valid
A81: 40 | B81: HALDWANI | C81: =UPPER(TRIM(Tbl_DFR[[#This Row],[CMP]])) -> HALDWANI | D81: Aashish Rai | E81: UP21FT5612 | F81: JAVED | G81: I-UW-KHJS-ENB-9015 | H81: 81526 | I81: 45931 | J81: 45931 | K81: =IF(OR(Tbl_DFR[[#This Row],[Date of filling]]="WIP",Tbl_DFR[[#This Row],[Date of Invoice ]]=""),"",Tbl_DFR[[#This Row],[Date of filling]]-Tbl_DFR[[#This Row],[Date of Invoice ]]) -> 0 | L81: =IF(ISNUMBER(Tbl_DFR[[#This Row],[Invoice filling gape]]),"valid","check") -> valid | M81: 18648 | N81: 4385 | O81: 18 | P81: 60 | Q81: =IF(Tbl_DFR[[#This Row],[Filling Qty]]>=150,"high","normal") -> normal | R81: =IF(AND(Tbl_DFR[[#This Row],[CMP]]="HALDWANI",Tbl_DFR[[#This Row],[Filling Qty]]>=150),"yes","no") -> no | S81: =IF(Tbl_DFR[[#This Row],[Filling Qty]]>=150,"high",IF(Tbl_DFR[[#This Row],[Filling Qty]]>=80,"medium","low")) -> low | T81: =P81+O81 -> 78 | U81: {=_xlfn.IFS(Tbl_DFR[[#This Row],[Filling Qty]]>=150,"HIGH",Tbl_DFR[[#This Row],[Filling Qty]]>=80,"medium",TRUE,"low")} -> low | V81: =IF(OR(Tbl_DFR[[#This Row],[CMP]]="HALDWANI",Tbl_DFR[[#This Row],[CMP]]="DEHRADUN"),"YES","NO") -> YES | W81: 45931 | Y81: 45931 | Z81: =IFERROR(TEXT(Tbl_DFR[[#This Row],[Date of filling]],"mmm"),"WIP") -> Oct | AA81: =IFERROR(YEAR(Tbl_DFR[[#This Row],[Date of filling]]),"WIP") -> 2025 | AB81: =IFERROR(TEXT(Tbl_DFR[[#This Row],[Date of filling]],"ddd"),"WIP") -> Wed | AD81: =_xlfn.XLOOKUP(Tbl_DFR[[#This Row],[SAP]],Site_master[SAP ID],Site_master[ [ TECHNICIAN Name] ],"Not found") -> Raj Kumar | AE81: =LEN(Tbl_DFR[[#This Row],[SAP]]) -> 18 | AF81: =IF(Tbl_DFR[[#This Row],[SAP LENGTH]]=18,"valid","check") -> valid
A82: 41 | B82: DEHRADUN | C82: =UPPER(TRIM(Tbl_DFR[[#This Row],[CMP]])) -> DEHRADUN | D82: Vivek Kumar | E82: UK08CB0821 | F82: SURENDRA | G82: I-UW-VKSN-ENB-9012 | H82: TXN100126581691 | I82: 45934 | J82: 45934 | K82: =IF(OR(Tbl_DFR[[#This Row],[Date of filling]]="WIP",Tbl_DFR[[#This Row],[Date of Invoice ]]=""),"",Tbl_DFR[[#This Row],[Date of filling]]-Tbl_DFR[[#This Row],[Date of Invoice ]]) -> 0 | L82: =IF(ISNUMBER(Tbl_DFR[[#This Row],[Invoice filling gape]]),"valid","check") -> valid | M82: 0 | N82: 0 | O82: 10 | P82: 80 | Q82: =IF(Tbl_DFR[[#This Row],[Filling Qty]]>=150,"high","normal") -> normal | R82: =IF(AND(Tbl_DFR[[#This Row],[CMP]]="HALDWANI",Tbl_DFR[[#This Row],[Filling Qty]]>=150),"yes","no") -> no | S82: =IF(Tbl_DFR[[#This Row],[Filling Qty]]>=150,"high",IF(Tbl_DFR[[#This Row],[Filling Qty]]>=80,"medium","low")) -> medium | T82: =P82+O82 -> 90 | U82: {=_xlfn.IFS(Tbl_DFR[[#This Row],[Filling Qty]]>=150,"HIGH",Tbl_DFR[[#This Row],[Filling Qty]]>=80,"medium",TRUE,"low")} -> medium | V82: =IF(OR(Tbl_DFR[[#This Row],[CMP]]="HALDWANI",Tbl_DFR[[#This Row],[CMP]]="DEHRADUN"),"YES","NO") -> YES | W82: 45934 | X82: 45931 | Y82: 45931 | Z82: =IFERROR(TEXT(Tbl_DFR[[#This Row],[Date of filling]],"mmm"),"WIP") -> Oct | AA82: =IFERROR(YEAR(Tbl_DFR[[#This Row],[Date of filling]]),"WIP") -> 2025 | AB82: =IFERROR(TEXT(Tbl_DFR[[#This Row],[Date of filling]],"ddd"),"WIP") -> Sat | AD82: =_xlfn.XLOOKUP(Tbl_DFR[[#This Row],[SAP]],Site_master[SAP ID],Site_master[ [ TECHNICIAN Name] ],"Not found") -> Ankur Khatana | AE82: =LEN(Tbl_DFR[[#This Row],[SAP]]) -> 18 | AF82: =IF(Tbl_DFR[[#This Row],[SAP LENGTH]]=18,"valid","check") -> valid
A83: 41 | B83: HALDWANI | C83: =UPPER(TRIM(Tbl_DFR[[#This Row],[CMP]])) -> HALDWANI | D83: Aashish Rai | E83: UP21FT5612 | F83: JAVED | G83: I-UW-KHJS-ENB-9033 | H83: 81236 | I83: 45931 | J83: 45931 | K83: =IF(OR(Tbl_DFR[[#This Row],[Date of filling]]="WIP",Tbl_DFR[[#This Row],[Date of Invoice ]]=""),"",Tbl_DFR[[#This Row],[Date of filling]]-Tbl_DFR[[#This Row],[Date of Invoice ]]) -> 0 | L83: =IF(ISNUMBER(Tbl_DFR[[#This Row],[Invoice filling gape]]),"valid","check") -> valid | M83: 6540 | N83: 1199 | O83: 40 | P83: 60 | Q83: =IF(Tbl_DFR[[#This Row],[Filling Qty]]>=150,"high","normal") -> normal | R83: =IF(AND(Tbl_DFR[[#This Row],[CMP]]="HALDWANI",Tbl_DFR[[#This Row],[Filling Qty]]>=150),"yes","no") -> no | S83: =IF(Tbl_DFR[[#This Row],[Filling Qty]]>=150,"high",IF(Tbl_DFR[[#This Row],[Filling Qty]]>=80,"medium","low")) -> low | T83: =P83+O83 -> 100 | U83: {=_xlfn.IFS(Tbl_DFR[[#This Row],[Filling Qty]]>=150,"HIGH",Tbl_DFR[[#This Row],[Filling Qty]]>=80,"medium",TRUE,"low")} -> low | V83: =IF(OR(Tbl_DFR[[#This Row],[CMP]]="HALDWANI",Tbl_DFR[[#This Row],[CMP]]="DEHRADUN"),"YES","NO") -> YES | W83: 45931 | X83: 0.47152778 | Y83: 45931 | Z83: =IFERROR(TEXT(Tbl_DFR[[#This Row],[Date of filling]],"mmm"),"WIP") -> Oct | AA83: =IFERROR(YEAR(Tbl_DFR[[#This Row],[Date of filling]]),"WIP") -> 2025 | AB83: =IFERROR(TEXT(Tbl_DFR[[#This Row],[Date of filling]],"ddd"),"WIP") -> Wed | AC83: RAJKUMAR | AD83: =_xlfn.XLOOKUP(Tbl_DFR[[#This Row],[SAP]],Site_master[SAP ID],Site_master[ [ TECHNICIAN Name] ],"Not found") -> Raj Kumar | AE83: =LEN(Tbl_DFR[[#This Row],[SAP]]) -> 18 | AF83: =IF(Tbl_DFR[[#This Row],[SAP LENGTH]]=18,"valid","check") -> valid
A84: 42 | B84: DEHRADUN | C84: =UPPER(TRIM(Tbl_DFR[[#This Row],[CMP]])) -> DEHRADUN | D84: Vivek Kumar | E84: UK08CB0821 | F84: SURENDRA | G84: I-UW-VKSN-ENB-9070 | H84: TXN100126581691 | I84: 45934 | J84: 45934 | K84: =IF(OR(Tbl_DFR[[#This Row],[Date of filling]]="WIP",Tbl_DFR[[#This Row],[Date of Invoice ]]=""),"",Tbl_DFR[[#This Row],[Date of filling]]-Tbl_DFR[[#This Row],[Date of Invoice ]]) -> 0 | L84: =IF(ISNUMBER(Tbl_DFR[[#This Row],[Invoice filling gape]]),"valid","check") -> valid | M84: 12747 | N84: 2827 | O84: 20 | P84: 80 | Q84: =IF(Tbl_DFR[[#This Row],[Filling Qty]]>=150,"high","normal") -> normal | R84: =IF(AND(Tbl_DFR[[#This Row],[CMP]]="HALDWANI",Tbl_DFR[[#This Row],[Filling Qty]]>=150),"yes","no") -> no | S84: =IF(Tbl_DFR[[#This Row],[Filling Qty]]>=150,"high",IF(Tbl_DFR[[#This Row],[Filling Qty]]>=80,"medium","low")) -> medium | T84: =P84+O84 -> 100 | U84: {=_xlfn.IFS(Tbl_DFR[[#This Row],[Filling Qty]]>=150,"HIGH",Tbl_DFR[[#This Row],[Filling Qty]]>=80,"medium",TRUE,"low")} -> medium | V84: =IF(OR(Tbl_DFR[[#This Row],[CMP]]="HALDWANI",Tbl_DFR[[#This Row],[CMP]]="DEHRADUN"),"YES","NO") -> YES | W84: 45934 | X84: 45931 | Y84: 45931 | Z84: =IFERROR(TEXT(Tbl_DFR[[#This Row],[Date of filling]],"mmm"),"WIP") -> Oct | AA84: =IFERROR(YEAR(Tbl_DFR[[#This Row],[Date of filling]]),"WIP") -> 2025 | AB84: =IFERROR(TEXT(Tbl_DFR[[#This Row],[Date of filling]],"ddd"),"WIP") -> Sat | AD84: =_xlfn.XLOOKUP(Tbl_DFR[[#This Row],[SAP]],Site_master[SAP ID],Site_master[ [ TECHNICIAN Name] ],"Not found") -> Ankur Khatana | AE84: =LEN(Tbl_DFR[[#This Row],[SAP]]) -> 18 | AF84: =IF(Tbl_DFR[[#This Row],[SAP LENGTH]]=18,"valid","check") -> valid
A85: 42 | B85: HALDWANI | C85: =UPPER(TRIM(Tbl_DFR[[#This Row],[CMP]])) -> HALDWANI | D85: Aashish Rai | E85: UP21FT5612 | F85: JAVED | G85: I-UW-KHJS-ENB-9037 | H85: 81236 | I85: 45931 | J85: 45932 | K85: =IF(OR(Tbl_DFR[[#This Row],[Date of filling]]="WIP",Tbl_DFR[[#This Row],[Date of Invoice ]]=""),"",Tbl_DFR[[#This Row],[Date of filling]]-Tbl_DFR[[#This Row],[Date of Invoice ]]) -> 1 | L85: =IF(ISNUMBER(Tbl_DFR[[#This Row],[Invoice filling gape]]),"valid","check") -> valid | M85: 3973 | N85: 719 | O85: 44 | P85: 60 | Q85: =IF(Tbl_DFR[[#This Row],[Filling Qty]]>=150,"high","normal") -> normal | R85: =IF(AND(Tbl_DFR[[#This Row],[CMP]]="HALDWANI",Tbl_DFR[[#This Row],[Filling Qty]]>=150),"yes","no") -> no | S85: =IF(Tbl_DFR[[#This Row],[Filling Qty]]>=150,"high",IF(Tbl_DFR[[#This Row],[Filling Qty]]>=80,"medium","low")) -> low | T85: =P85+O85 -> 104 | U85: {=_xlfn.IFS(Tbl_DFR[[#This Row],[Filling Qty]]>=150,"HIGH",Tbl_DFR[[#This Row],[Filling Qty]]>=80,"medium",TRUE,"low")} -> low | V85: =IF(OR(Tbl_DFR[[#This Row],[CMP]]="HALDWANI",Tbl_DFR[[#This Row],[CMP]]="DEHRADUN"),"YES","NO") -> YES | W85: 45932 | Y85: 45931 | Z85: =IFERROR(TEXT(Tbl_DFR[[#This Row],[Date of filling]],"mmm"),"WIP") -> Oct | AA85: =IFERROR(YEAR(Tbl_DFR[[#This Row],[Date of filling]]),"WIP") -> 2025 | AB85: =IFERROR(TEXT(Tbl_DFR[[#This Row],[Date of filling]],"ddd"),"WIP") -> Thu | AD85: =_xlfn.XLOOKUP(Tbl_DFR[[#This Row],[SAP]],Site_master[SAP ID],Site_master[ [ TECHNICIAN Name] ],"Not found") -> Raj Kumar | AE85: =LEN(Tbl_DFR[[#This Row],[SAP]]) -> 18 | AF85: =IF(Tbl_DFR[[#This Row],[SAP LENGTH]]=18,"valid","check") -> valid
A86: 43 | B86: DEHRADUN | C86: =UPPER(TRIM(Tbl_DFR[[#This Row],[CMP]])) -> DEHRADUN | D86: Vivek Kumar | E86: UK08CB0821 | F86: SURENDRA | G86: I-UW-DRDN-ENB-0217 | H86: TXN100126581691 | I86: 45934 | J86: 45934 | K86: =IF(OR(Tbl_DFR[[#This Row],[Date of filling]]="WIP",Tbl_DFR[[#This Row],[Date of Invoice ]]=""),"",Tbl_DFR[[#This Row],[Date of filling]]-Tbl_DFR[[#This Row],[Date of Invoice ]]) -> 0 | L86: =IF(ISNUMBER(Tbl_DFR[[#This Row],[Invoice filling gape]]),"valid","check") -> valid | M86: 8342 | N86: 1820 | O86: 16 | P86: 80 | Q86: =IF(Tbl_DFR[[#This Row],[Filling Qty]]>=150,"high","normal") -> normal | R86: =IF(AND(Tbl_DFR[[#This Row],[CMP]]="HALDWANI",Tbl_DFR[[#This Row],[Filling Qty]]>=150),"yes","no") -> no | S86: =IF(Tbl_DFR[[#This Row],[Filling Qty]]>=150,"high",IF(Tbl_DFR[[#This Row],[Filling Qty]]>=80,"medium","low")) -> medium | T86: =P86+O86 -> 96 | U86: {=_xlfn.IFS(Tbl_DFR[[#This Row],[Filling Qty]]>=150,"HIGH",Tbl_DFR[[#This Row],[Filling Qty]]>=80,"medium",TRUE,"low")} -> medium | V86: =IF(OR(Tbl_DFR[[#This Row],[CMP]]="HALDWANI",Tbl_DFR[[#This Row],[CMP]]="DEHRADUN"),"YES","NO") -> YES | W86: 45934 | X86: 45931 | Y86: 45931 | Z86: =IFERROR(TEXT(Tbl_DFR[[#This Row],[Date of filling]],"mmm"),"WIP") -> Oct | AA86: =IFERROR(YEAR(Tbl_DFR[[#This Row],[Date of filling]]),"WIP") -> 2025 | AB86: =IFERROR(TEXT(Tbl_DFR[[#This Row],[Date of filling]],"ddd"),"WIP") -> Sat | AD86: =_xlfn.XLOOKUP(Tbl_DFR[[#This Row],[SAP]],Site_master[SAP ID],Site_master[ [ TECHNICIAN Name] ],"Not found") -> Gaurav Saini | AE86: =LEN(Tbl_DFR[[#This Row],[SAP]]) -> 18 | AF86: =IF(Tbl_DFR[[#This Row],[SAP LENGTH]]=18,"valid","check") -> valid
A87: 43 | B87: HALDWANI | C87: =UPPER(TRIM(Tbl_DFR[[#This Row],[CMP]])) -> HALDWANI | D87: Aashish Rai | E87: UP21FT5612 | F87: JAVED | G87: I-UW-KHJS-ENB-9038 | H87: 81526 | I87: 45931 | J87: 45931 | K87: =IF(OR(Tbl_DFR[[#This Row],[Date of filling]]="WIP",Tbl_DFR[[#This Row],[Date of Invoice ]]=""),"",Tbl_DFR[[#This Row],[Date of filling]]-Tbl_DFR[[#This Row],[Date of Invoice ]]) -> 0 | L87: =IF(ISNUMBER(Tbl_DFR[[#This Row],[Invoice filling gape]]),"valid","check") -> valid | M87: 3882 | N87: 736 | O87: 12 | P87: 80 | Q87: =IF(Tbl_DFR[[#This Row],[Filling Qty]]>=150,"high","normal") -> normal | R87: =IF(AND(Tbl_DFR[[#This Row],[CMP]]="HALDWANI",Tbl_DFR[[#This Row],[Filling Qty]]>=150),"yes","no") -> no | S87: =IF(Tbl_DFR[[#This Row],[Filling Qty]]>=150,"high",IF(Tbl_DFR[[#This Row],[Filling Qty]]>=80,"medium","low")) -> medium | T87: =P87+O87 -> 92 | U87: {=_xlfn.IFS(Tbl_DFR[[#This Row],[Filling Qty]]>=150,"HIGH",Tbl_DFR[[#This Row],[Filling Qty]]>=80,"medium",TRUE,"low")} -> medium | V87: =IF(OR(Tbl_DFR[[#This Row],[CMP]]="HALDWANI",Tbl_DFR[[#This Row],[CMP]]="DEHRADUN"),"YES","NO") -> YES | W87: 45931 | Y87: 45931 | Z87: =IFERROR(TEXT(Tbl_DFR[[#This Row],[Date of filling]],"mmm"),"WIP") -> Oct | AA87: =IFERROR(YEAR(Tbl_DFR[[#This Row],[Date of filling]]),"WIP") -> 2025 | AB87: =IFERROR(TEXT(Tbl_DFR[[#This Row],[Date of filling]],"ddd"),"WIP") -> Wed | AD87: =_xlfn.XLOOKUP(Tbl_DFR[[#This Row],[SAP]],Site_master[SAP ID],Site_master[ [ TECHNICIAN Name] ],"Not found") -> Raj Kumar | AE87: =LEN(Tbl_DFR[[#This Row],[SAP]]) -> 18 | AF87: =IF(Tbl_DFR[[#This Row],[SAP LENGTH]]=18,"valid","check") -> valid
A88: 44 | B88: DEHRADUN | C88: =UPPER(TRIM(Tbl_DFR[[#This Row],[CMP]])) -> DEHRADUN | D88: Vivek Kumar | E88: UK08CB0821 | F88: SURENDRA | G88: I-UW-VKSN-ENB-9083 | H88: TXN100126581691 | I88: 45934 | J88: 45934 | K88: =IF(OR(Tbl_DFR[[#This Row],[Date of filling]]="WIP",Tbl_DFR[[#This Row],[Date of Invoice ]]=""),"",Tbl_DFR[[#This Row],[Date of filling]]-Tbl_DFR[[#This Row],[Date of Invoice ]]) -> 0 | L88: =IF(ISNUMBER(Tbl_DFR[[#This Row],[Invoice filling gape]]),"valid","check") -> valid | M88: 6813 | N88: 1410 | O88: 20 | P88: 80 | Q88: =IF(Tbl_DFR[[#This Row],[Filling Qty]]>=150,"high","normal") -> normal | R88: =IF(AND(Tbl_DFR[[#This Row],[CMP]]="HALDWANI",Tbl_DFR[[#This Row],[Filling Qty]]>=150),"yes","no") -> no | S88: =IF(Tbl_DFR[[#This Row],[Filling Qty]]>=150,"high",IF(Tbl_DFR[[#This Row],[Filling Qty]]>=80,"medium","low")) -> medium | T88: =P88+O88 -> 100 | U88: {=_xlfn.IFS(Tbl_DFR[[#This Row],[Filling Qty]]>=150,"HIGH",Tbl_DFR[[#This Row],[Filling Qty]]>=80,"medium",TRUE,"low")} -> medium | V88: =IF(OR(Tbl_DFR[[#This Row],[CMP]]="HALDWANI",Tbl_DFR[[#This Row],[CMP]]="DEHRADUN"),"YES","NO") -> YES | W88: 45934 | X88: 45931 | Y88: 45931 | Z88: =IFERROR(TEXT(Tbl_DFR[[#This Row],[Date of filling]],"mmm"),"WIP") -> Oct | AA88: =IFERROR(YEAR(Tbl_DFR[[#This Row],[Date of filling]]),"WIP") -> 2025 | AB88: =IFERROR(TEXT(Tbl_DFR[[#This Row],[Date of filling]],"ddd"),"WIP") -> Sat | AD88: =_xlfn.XLOOKUP(Tbl_DFR[[#This Row],[SAP]],Site_master[SAP ID],Site_master[ [ TECHNICIAN Name] ],"Not found") -> Ankur Khatana | AE88: =LEN(Tbl_DFR[[#This Row],[SAP]]) -> 18 | AF88: =IF(Tbl_DFR[[#This Row],[SAP LENGTH]]=18,"valid","check") -> valid
A89: 44 | B89: HALDWANI | C89: =UPPER(TRIM(Tbl_DFR[[#This Row],[CMP]])) -> HALDWANI | D89: Aashish Rai | E89: UP21FT5612 | F89: JAVED | G89: I-UW-KHJS-ENB-9043 | H89: 81236 | I89: 45931 | J89: 45931 | K89: =IF(OR(Tbl_DFR[[#This Row],[Date of filling]]="WIP",Tbl_DFR[[#This Row],[Date of Invoice ]]=""),"",Tbl_DFR[[#This Row],[Date of filling]]-Tbl_DFR[[#This Row],[Date of Invoice ]]) -> 0 | L89: =IF(ISNUMBER(Tbl_DFR[[#This Row],[Invoice filling gape]]),"valid","check") -> valid | M89: 7636 | N89: 1576 | O89: 55 | P89: 60 | Q89: =IF(Tbl_DFR[[#This Row],[Filling Qty]]>=150,"high","normal") -> normal | R89: =IF(AND(Tbl_DFR[[#This Row],[CMP]]="HALDWANI",Tbl_DFR[[#This Row],[Filling Qty]]>=150),"yes","no") -> no | S89: =IF(Tbl_DFR[[#This Row],[Filling Qty]]>=150,"high",IF(Tbl_DFR[[#This Row],[Filling Qty]]>=80,"medium","low")) -> low | T89: =P89+O89 -> 115 | U89: {=_xlfn.IFS(Tbl_DFR[[#This Row],[Filling Qty]]>=150,"HIGH",Tbl_DFR[[#This Row],[Filling Qty]]>=80,"medium",TRUE,"low")} -> low | V89: =IF(OR(Tbl_DFR[[#This Row],[CMP]]="HALDWANI",Tbl_DFR[[#This Row],[CMP]]="DEHRADUN"),"YES","NO") -> YES | W89: 45931 | Y89: 45931 | Z89: =IFERROR(TEXT(Tbl_DFR[[#This Row],[Date of filling]],"mmm"),"WIP") -> Oct | AA89: =IFERROR(YEAR(Tbl_DFR[[#This Row],[Date of filling]]),"WIP") -> 2025 | AB89: =IFERROR(TEXT(Tbl_DFR[[#This Row],[Date of filling]],"ddd"),"WIP") -> Wed | AD89: =_xlfn.XLOOKUP(Tbl_DFR[[#This Row],[SAP]],Site_master[SAP ID],Site_master[ [ TECHNICIAN Name] ],"Not found") -> Raj Kumar | AE89: =LEN(Tbl_DFR[[#This Row],[SAP]]) -> 18 | AF89: =IF(Tbl_DFR[[#This Row],[SAP LENGTH]]=18,"valid","check") -> valid
A90: 45 | B90: DEHRADUN | C90: =UPPER(TRIM(Tbl_DFR[[#This Row],[CMP]])) -> DEHRADUN | D90: Vivek Kumar | E90: UK08CB0821 | F90: SURENDRA | G90: I-UW-VKSN-ENB-9140 | H90: TXN100126582100 | I90: 45934 | J90: 45936 | K90: =IF(OR(Tbl_DFR[[#This Row],[Date of filling]]="WIP",Tbl_DFR[[#This Row],[Date of Invoice ]]=""),"",Tbl_DFR[[#This Row],[Date of filling]]-Tbl_DFR[[#This Row],[Date of Invoice ]]) -> 2 | L90: =IF(ISNUMBER(Tbl_DFR[[#This Row],[Invoice filling gape]]),"valid","check") -> valid | M90: 12957 | N90: 3131 | O90: 8 | P90: 60 | Q90: =IF(Tbl_DFR[[#This Row],[Filling Qty]]>=150,"high","normal") -> normal | R90: =IF(AND(Tbl_DFR[[#This Row],[CMP]]="HALDWANI",Tbl_DFR[[#This Row],[Filling Qty]]>=150),"yes","no") -> no | S90: =IF(Tbl_DFR[[#This Row],[Filling Qty]]>=150,"high",IF(Tbl_DFR[[#This Row],[Filling Qty]]>=80,"medium","low")) -> low | T90: =P90+O90 -> 68 | U90: {=_xlfn.IFS(Tbl_DFR[[#This Row],[Filling Qty]]>=150,"HIGH",Tbl_DFR[[#This Row],[Filling Qty]]>=80,"medium",TRUE,"low")} -> low | V90: =IF(OR(Tbl_DFR[[#This Row],[CMP]]="HALDWANI",Tbl_DFR[[#This Row],[CMP]]="DEHRADUN"),"YES","NO") -> YES | W90: 45934 | X90: 45931 | Y90: 45931 | Z90: =IFERROR(TEXT(Tbl_DFR[[#This Row],[Date of filling]],"mmm"),"WIP") -> Oct | AA90: =IFERROR(YEAR(Tbl_DFR[[#This Row],[Date of filling]]),"WIP") -> 2025 | AB90: =IFERROR(TEXT(Tbl_DFR[[#This Row],[Date of filling]],"ddd"),"WIP") -> Mon | AD90: =_xlfn.XLOOKUP(Tbl_DFR[[#This Row],[SAP]],Site_master[SAP ID],Site_master[ [ TECHNICIAN Name] ],"Not found") -> Santosh Kumar VKSN | AE90: =LEN(Tbl_DFR[[#This Row],[SAP]]) -> 18 | AF90: =IF(Tbl_DFR[[#This Row],[SAP LENGTH]]=18,"valid","check") -> valid
A91: 45 | B91: HALDWANI | C91: =UPPER(TRIM(Tbl_DFR[[#This Row],[CMP]])) -> HALDWANI | D91: Aashish Rai | E91: UP21FT5612 | F91: JAVED | G91: I-UW-KHJS-ENB-9068 | H91: 81236 | I91: 45931 | J91: 45931 | K91: =IF(OR(Tbl_DFR[[#This Row],[Date of filling]]="WIP",Tbl_DFR[[#This Row],[Date of Invoice ]]=""),"",Tbl_DFR[[#This Row],[Date of filling]]-Tbl_DFR[[#This Row],[Date of Invoice ]]) -> 0 | L91: =IF(ISNUMBER(Tbl_DFR[[#This Row],[Invoice filling gape]]),"valid","check") -> valid | M91: 4528 | N91: 786 | O91: 31 | P91: 60 | Q91: =IF(Tbl_DFR[[#This Row],[Filling Qty]]>=150,"high","normal") -> normal | R91: =IF(AND(Tbl_DFR[[#This Row],[CMP]]="HALDWANI",Tbl_DFR[[#This Row],[Filling Qty]]>=150),"yes","no") -> no | S91: =IF(Tbl_DFR[[#This Row],[Filling Qty]]>=150,"high",IF(Tbl_DFR[[#This Row],[Filling Qty]]>=80,"medium","low")) -> low | T91: =P91+O91 -> 91 | U91: {=_xlfn.IFS(Tbl_DFR[[#This Row],[Filling Qty]]>=150,"HIGH",Tbl_DFR[[#This Row],[Filling Qty]]>=80,"medium",TRUE,"low")} -> low | V91: =IF(OR(Tbl_DFR[[#This Row],[CMP]]="HALDWANI",Tbl_DFR[[#This Row],[CMP]]="DEHRADUN"),"YES","NO") -> YES | W91: 45931 | X91: 0.60069444 | Y91: 45931 | Z91: =IFERROR(TEXT(Tbl_DFR[[#This Row],[Date of filling]],"mmm"),"WIP") -> Oct | AA91: =IFERROR(YEAR(Tbl_DFR[[#This Row],[Date of filling]]),"WIP") -> 2025 | AB91: =IFERROR(TEXT(Tbl_DFR[[#This Row],[Date of filling]],"ddd"),"WIP") -> Wed | AC91: RAJKUMAR | AD91: =_xlfn.XLOOKUP(Tbl_DFR[[#This Row],[SAP]],Site_master[SAP ID],Site_master[ [ TECHNICIAN Name] ],"Not found") -> Raj Kumar | AE91: =LEN(Tbl_DFR[[#This Row],[SAP]]) -> 18 | AF91: =IF(Tbl_DFR[[#This Row],[SAP LENGTH]]=18,"valid","check") -> valid
A92: 46 | B92: DEHRADUN | C92: =UPPER(TRIM(Tbl_DFR[[#This Row],[CMP]])) -> DEHRADUN | D92: Vivek Kumar | E92: UK17CA5176 | F92: MANISH | G92: I-UW-DRDN-ENB-0416 | H92: 104511 | I92: 45935 | J92: 45935 | K92: =IF(OR(Tbl_DFR[[#This Row],[Date of filling]]="WIP",Tbl_DFR[[#This Row],[Date of Invoice ]]=""),"",Tbl_DFR[[#This Row],[Date of filling]]-Tbl_DFR[[#This Row],[Date of Invoice ]]) -> 0 | L92: =IF(ISNUMBER(Tbl_DFR[[#This Row],[Invoice filling gape]]),"valid","check") -> valid | M92: 3919 | N92: 933 | O92: 48 | P92: 80 | Q92: =IF(Tbl_DFR[[#This Row],[Filling Qty]]>=150,"high","normal") -> normal | R92: =IF(AND(Tbl_DFR[[#This Row],[CMP]]="HALDWANI",Tbl_DFR[[#This Row],[Filling Qty]]>=150),"yes","no") -> no | S92: =IF(Tbl_DFR[[#This Row],[Filling Qty]]>=150,"high",IF(Tbl_DFR[[#This Row],[Filling Qty]]>=80,"medium","low")) -> medium | T92: =P92+O92 -> 128 | U92: {=_xlfn.IFS(Tbl_DFR[[#This Row],[Filling Qty]]>=150,"HIGH",Tbl_DFR[[#This Row],[Filling Qty]]>=80,"medium",TRUE,"low")} -> medium | V92: =IF(OR(Tbl_DFR[[#This Row],[CMP]]="HALDWANI",Tbl_DFR[[#This Row],[CMP]]="DEHRADUN"),"YES","NO") -> YES | W92: 45935 | X92: 45931 | Y92: 45931 | Z92: =IFERROR(TEXT(Tbl_DFR[[#This Row],[Date of filling]],"mmm"),"WIP") -> Oct | AA92: =IFERROR(YEAR(Tbl_DFR[[#This Row],[Date of filling]]),"WIP") -> 2025 | AB92: =IFERROR(TEXT(Tbl_DFR[[#This Row],[Date of filling]],"ddd"),"WIP") -> Sun | AD92: =_xlfn.XLOOKUP(Tbl_DFR[[#This Row],[SAP]],Site_master[SAP ID],Site_master[ [ TECHNICIAN Name] ],"Not found") -> Amit Saini | AE92: =LEN(Tbl_DFR[[#This Row],[SAP]]) -> 18 | AF92: =IF(Tbl_DFR[[#This Row],[SAP LENGTH]]=18,"valid","check") -> valid
A93: 46 | B93: HALDWANI | C93: =UPPER(TRIM(Tbl_DFR[[#This Row],[CMP]])) -> HALDWANI | D93: Aashish Rai | E93: UP21FT5612 | F93: JAVED | G93: I-UW-KHJS-ENB-9073 | H93: 81526 | I93: 45931 | J93: 45931 | K93: =IF(OR(Tbl_DFR[[#This Row],[Date of filling]]="WIP",Tbl_DFR[[#This Row],[Date of Invoice ]]=""),"",Tbl_DFR[[#This Row],[Date of filling]]-Tbl_DFR[[#This Row],[Date of Invoice ]]) -> 0 | L93: =IF(ISNUMBER(Tbl_DFR[[#This Row],[Invoice filling gape]]),"valid","check") -> valid | M93: 11477 | N93: 2471 | O93: 19 | P93: 60 | Q93: =IF(Tbl_DFR[[#This Row],[Filling Qty]]>=150,"high","normal") -> normal | R93: =IF(AND(Tbl_DFR[[#This Row],[CMP]]="HALDWANI",Tbl_DFR[[#This Row],[Filling Qty]]>=150),"yes","no") -> no | S93: =IF(Tbl_DFR[[#This Row],[Filling Qty]]>=150,"high",IF(Tbl_DFR[[#This Row],[Filling Qty]]>=80,"medium","low")) -> low | T93: =P93+O93 -> 79 | U93: {=_xlfn.IFS(Tbl_DFR[[#This Row],[Filling Qty]]>=150,"HIGH",Tbl_DFR[[#This Row],[Filling Qty]]>=80,"medium",TRUE,"low")} -> low | V93: =IF(OR(Tbl_DFR[[#This Row],[CMP]]="HALDWANI",Tbl_DFR[[#This Row],[CMP]]="DEHRADUN"),"YES","NO") -> YES | W93: 45931 | X93: 0.50763889 | Y93: 45931 | Z93: =IFERROR(TEXT(Tbl_DFR[[#This Row],[Date of filling]],"mmm"),"WIP") -> Oct | AA93: =IFERROR(YEAR(Tbl_DFR[[#This Row],[Date of filling]]),"WIP") -> 2025 | AB93: =IFERROR(TEXT(Tbl_DFR[[#This Row],[Date of filling]],"ddd"),"WIP") -> Wed | AC93: RAJKUMAR | AD93: =_xlfn.XLOOKUP(Tbl_DFR[[#This Row],[SAP]],Site_master[SAP ID],Site_master[ [ TECHNICIAN Name] ],"Not found") -> Navnish Kumar Singh | AE93: =LEN(Tbl_DFR[[#This Row],[SAP]]) -> 18 | AF93: =IF(Tbl_DFR[[#This Row],[SAP LENGTH]]=18,"valid","check") -> valid
A94: 47 | B94: DEHRADUN | C94: =UPPER(TRIM(Tbl_DFR[[#This Row],[CMP]])) -> DEHRADUN | D94: Vivek Kumar | E94: UK17CA5176 | F94: MANISH | G94: I-UW-DRDN-ENB-9134 | H94: 104511 | I94: 45935 | J94: 45935 | K94: =IF(OR(Tbl_DFR[[#This Row],[Date of filling]]="WIP",Tbl_DFR[[#This Row],[Date of Invoice ]]=""),"",Tbl_DFR[[#This Row],[Date of filling]]-Tbl_DFR[[#This Row],[Date of Invoice ]]) -> 0 | L94: =IF(ISNUMBER(Tbl_DFR[[#This Row],[Invoice filling gape]]),"valid","check") -> valid | M94: 10561 | N94: 2690 | O94: 18 | P94: 80 | Q94: =IF(Tbl_DFR[[#This Row],[Filling Qty]]>=150,"high","normal") -> normal | R94: =IF(AND(Tbl_DFR[[#This Row],[CMP]]="HALDWANI",Tbl_DFR[[#This Row],[Filling Qty]]>=150),"yes","no") -> no | S94: =IF(Tbl_DFR[[#This Row],[Filling Qty]]>=150,"high",IF(Tbl_DFR[[#This Row],[Filling Qty]]>=80,"medium","low")) -> medium | T94: =P94+O94 -> 98 | U94: {=_xlfn.IFS(Tbl_DFR[[#This Row],[Filling Qty]]>=150,"HIGH",Tbl_DFR[[#This Row],[Filling Qty]]>=80,"medium",TRUE,"low")} -> medium | V94: =IF(OR(Tbl_DFR[[#This Row],[CMP]]="HALDWANI",Tbl_DFR[[#This Row],[CMP]]="DEHRADUN"),"YES","NO") -> YES | W94: 45935 | X94: 45931 | Y94: 45931 | Z94: =IFERROR(TEXT(Tbl_DFR[[#This Row],[Date of filling]],"mmm"),"WIP") -> Oct | AA94: =IFERROR(YEAR(Tbl_DFR[[#This Row],[Date of filling]]),"WIP") -> 2025 | AB94: =IFERROR(TEXT(Tbl_DFR[[#This Row],[Date of filling]],"ddd"),"WIP") -> Sun | AD94: =_xlfn.XLOOKUP(Tbl_DFR[[#This Row],[SAP]],Site_master[SAP ID],Site_master[ [ TECHNICIAN Name] ],"Not found") -> Sandeep Pal | AE94: =LEN(Tbl_DFR[[#This Row],[SAP]]) -> 18 | AF94: =IF(Tbl_DFR[[#This Row],[SAP LENGTH]]=18,"valid","check") -> valid
A95: 47 | B95: HALDWANI | C95: =UPPER(TRIM(Tbl_DFR[[#This Row],[CMP]])) -> HALDWANI | D95: Aashish Rai | E95: UP21FT5612 | F95: JAVED | G95: I-UW-KHJS-ENB-9088 | H95: 81526 | I95: 45931 | J95: 45931 | K95: =IF(OR(Tbl_DFR[[#This Row],[Date of filling]]="WIP",Tbl_DFR[[#This Row],[Date of Invoice ]]=""),"",Tbl_DFR[[#This Row],[Date of filling]]-Tbl_DFR[[#This Row],[Date of Invoice ]]) -> 0 | L95: =IF(ISNUMBER(Tbl_DFR[[#This Row],[Invoice filling gape]]),"valid","check") -> valid | M95: 7090 | N95: 1595 | O95: 12 | P95: 60 | Q95: =IF(Tbl_DFR[[#This Row],[Filling Qty]]>=150,"high","normal") -> normal | R95: =IF(AND(Tbl_DFR[[#This Row],[CMP]]="HALDWANI",Tbl_DFR[[#This Row],[Filling Qty]]>=150),"yes","no") -> no | S95: =IF(Tbl_DFR[[#This Row],[Filling Qty]]>=150,"high",IF(Tbl_DFR[[#This Row],[Filling Qty]]>=80,"medium","low")) -> low | T95: =P95+O95 -> 72 | U95: {=_xlfn.IFS(Tbl_DFR[[#This Row],[Filling Qty]]>=150,"HIGH",Tbl_DFR[[#This Row],[Filling Qty]]>=80,"medium",TRUE,"low")} -> low | V95: =IF(OR(Tbl_DFR[[#This Row],[CMP]]="HALDWANI",Tbl_DFR[[#This Row],[CMP]]="DEHRADUN"),"YES","NO") -> YES | W95: 45931 | Y95: 45931 | Z95: =IFERROR(TEXT(Tbl_DFR[[#This Row],[Date of filling]],"mmm"),"WIP") -> Oct | AA95: =IFERROR(YEAR(Tbl_DFR[[#This Row],[Date of filling]]),"WIP") -> 2025 | AB95: =IFERROR(TEXT(Tbl_DFR[[#This Row],[Date of filling]],"ddd"),"WIP") -> Wed | AD95: =_xlfn.XLOOKUP(Tbl_DFR[[#This Row],[SAP]],Site_master[SAP ID],Site_master[ [ TECHNICIAN Name] ],"Not found") -> Raj Kumar | AE95: =LEN(Tbl_DFR[[#This Row],[SAP]]) -> 18 | AF95: =IF(Tbl_DFR[[#This Row],[SAP LENGTH]]=18,"valid","check") -> valid
A96: 48 | B96: DEHRADUN | C96: =UPPER(TRIM(Tbl_DFR[[#This Row],[CMP]])) -> DEHRADUN | D96: Vivek Kumar | E96: UK17CA5176 | F96: MANISH | G96: I-UW-DRDN-ENB-0338 | H96: 104511 | I96: 45935 | J96: 45935 | K96: =IF(OR(Tbl_DFR[[#This Row],[Date of filling]]="WIP",Tbl_DFR[[#This Row],[Date of Invoice ]]=""),"",Tbl_DFR[[#This Row],[Date of filling]]-Tbl_DFR[[#This Row],[Date of Invoice ]]) -> 0 | L96: =IF(ISNUMBER(Tbl_DFR[[#This Row],[Invoice filling gape]]),"valid","check") -> valid | M96: 11916 | N96: 3350 | O96: 40 | P96: 80 | Q96: =IF(Tbl_DFR[[#This Row],[Filling Qty]]>=150,"high","normal") -> normal | R96: =IF(AND(Tbl_DFR[[#This Row],[CMP]]="HALDWANI",Tbl_DFR[[#This Row],[Filling Qty]]>=150),"yes","no") -> no | S96: =IF(Tbl_DFR[[#This Row],[Filling Qty]]>=150,"high",IF(Tbl_DFR[[#This Row],[Filling Qty]]>=80,"medium","low")) -> medium | T96: =P96+O96 -> 120 | U96: {=_xlfn.IFS(Tbl_DFR[[#This Row],[Filling Qty]]>=150,"HIGH",Tbl_DFR[[#This Row],[Filling Qty]]>=80,"medium",TRUE,"low")} -> medium | V96: =IF(OR(Tbl_DFR[[#This Row],[CMP]]="HALDWANI",Tbl_DFR[[#This Row],[CMP]]="DEHRADUN"),"YES","NO") -> YES | W96: 45935 | X96: 45931 | Y96: 45931 | Z96: =IFERROR(TEXT(Tbl_DFR[[#This Row],[Date of filling]],"mmm"),"WIP") -> Oct | AA96: =IFERROR(YEAR(Tbl_DFR[[#This Row],[Date of filling]]),"WIP") -> 2025 | AB96: =IFERROR(TEXT(Tbl_DFR[[#This Row],[Date of filling]],"ddd"),"WIP") -> Sun | AD96: =_xlfn.XLOOKUP(Tbl_DFR[[#This Row],[SAP]],Site_master[SAP ID],Site_master[ [ TECHNICIAN Name] ],"Not found") -> Sandeep Pal | AE96: =LEN(Tbl_DFR[[#This Row],[SAP]]) -> 18 | AF96: =IF(Tbl_DFR[[#This Row],[SAP LENGTH]]=18,"valid","check") -> valid
A97: 48 | B97: HALDWANI | C97: =UPPER(TRIM(Tbl_DFR[[#This Row],[CMP]])) -> HALDWANI | D97: Aashish Rai | E97: UP21FT5612 | F97: JAVED | G97: I-UW-KHJS-ENB-9021 | H97: 81818 | I97: 45931 | J97: 45931 | K97: =IF(OR(Tbl_DFR[[#This Row],[Date of filling]]="WIP",Tbl_DFR[[#This Row],[Date of Invoice ]]=""),"",Tbl_DFR[[#This Row],[Date of filling]]-Tbl_DFR[[#This Row],[Date of Invoice ]]) -> 0 | L97: =IF(ISNUMBER(Tbl_DFR[[#This Row],[Invoice filling gape]]),"valid","check") -> valid | M97: 5827 | N97: 1488 | O97: 13 | P97: 80 | Q97: =IF(Tbl_DFR[[#This Row],[Filling Qty]]>=150,"high","normal") -> normal | R97: =IF(AND(Tbl_DFR[[#This Row],[CMP]]="HALDWANI",Tbl_DFR[[#This Row],[Filling Qty]]>=150),"yes","no") -> no | S97: =IF(Tbl_DFR[[#This Row],[Filling Qty]]>=150,"high",IF(Tbl_DFR[[#This Row],[Filling Qty]]>=80,"medium","low")) -> medium | T97: =P97+O97 -> 93 | U97: {=_xlfn.IFS(Tbl_DFR[[#This Row],[Filling Qty]]>=150,"HIGH",Tbl_DFR[[#This Row],[Filling Qty]]>=80,"medium",TRUE,"low")} -> medium | V97: =IF(OR(Tbl_DFR[[#This Row],[CMP]]="HALDWANI",Tbl_DFR[[#This Row],[CMP]]="DEHRADUN"),"YES","NO") -> YES | W97: 45931 | X97: 0.43888889 | Y97: 45931 | Z97: =IFERROR(TEXT(Tbl_DFR[[#This Row],[Date of filling]],"mmm"),"WIP") -> Oct | AA97: =IFERROR(YEAR(Tbl_DFR[[#This Row],[Date of filling]]),"WIP") -> 2025 | AB97: =IFERROR(TEXT(Tbl_DFR[[#This Row],[Date of filling]],"ddd"),"WIP") -> Wed | AC97: RAJKUMAR | AD97: =_xlfn.XLOOKUP(Tbl_DFR[[#This Row],[SAP]],Site_master[SAP ID],Site_master[ [ TECHNICIAN Name] ],"Not found") -> Raj Kumar | AE97: =LEN(Tbl_DFR[[#This Row],[SAP]]) -> 18 | AF97: =IF(Tbl_DFR[[#This Row],[SAP LENGTH]]=18,"valid","check") -> valid
A98: 49 | B98: DEHRADUN | C98: =UPPER(TRIM(Tbl_DFR[[#This Row],[CMP]])) -> DEHRADUN | D98: Vivek Kumar | E98: UK17CA5176 | F98: MANISH | G98: I-UW-DRDN-ENB-9119 | H98: 104511 | I98: 45935 | J98: 45935 | K98: =IF(OR(Tbl_DFR[[#This Row],[Date of filling]]="WIP",Tbl_DFR[[#This Row],[Date of Invoice ]]=""),"",Tbl_DFR[[#This Row],[Date of filling]]-Tbl_DFR[[#This Row],[Date of Invoice ]]) -> 0 | L98: =IF(ISNUMBER(Tbl_DFR[[#This Row],[Invoice filling gape]]),"valid","check") -> valid | M98: 1836 | N98: 528 | O98: 20 | P98: 80 | Q98: =IF(Tbl_DFR[[#This Row],[Filling Qty]]>=150,"high","normal") -> normal | R98: =IF(AND(Tbl_DFR[[#This Row],[CMP]]="HALDWANI",Tbl_DFR[[#This Row],[Filling Qty]]>=150),"yes","no") -> no | S98: =IF(Tbl_DFR[[#This Row],[Filling Qty]]>=150,"high",IF(Tbl_DFR[[#This Row],[Filling Qty]]>=80,"medium","low")) -> medium | T98: =P98+O98 -> 100 | U98: {=_xlfn.IFS(Tbl_DFR[[#This Row],[Filling Qty]]>=150,"HIGH",Tbl_DFR[[#This Row],[Filling Qty]]>=80,"medium",TRUE,"low")} -> medium | V98: =IF(OR(Tbl_DFR[[#This Row],[CMP]]="HALDWANI",Tbl_DFR[[#This Row],[CMP]]="DEHRADUN"),"YES","NO") -> YES | W98: 45935 | X98: 45931 | Y98: 45931 | Z98: =IFERROR(TEXT(Tbl_DFR[[#This Row],[Date of filling]],"mmm"),"WIP") -> Oct | AA98: =IFERROR(YEAR(Tbl_DFR[[#This Row],[Date of filling]]),"WIP") -> 2025 | AB98: =IFERROR(TEXT(Tbl_DFR[[#This Row],[Date of filling]],"ddd"),"WIP") -> Sun | AD98: =_xlfn.XLOOKUP(Tbl_DFR[[#This Row],[SAP]],Site_master[SAP ID],Site_master[ [ TECHNICIAN Name] ],"Not found") -> Sandeep Pal | AE98: =LEN(Tbl_DFR[[#This Row],[SAP]]) -> 18 | AF98: =IF(Tbl_DFR[[#This Row],[SAP LENGTH]]=18,"valid","check") -> valid
A99: 49 | B99: HALDWANI | C99: =UPPER(TRIM(Tbl_DFR[[#This Row],[CMP]])) -> HALDWANI | D99: Aashish Rai | E99: UP21FT5612 | F99: JAVED | G99: I-UW-KHTM-ENB-9063 | H99: 81818 | I99: 45931 | J99: 45931 | K99: =IF(OR(Tbl_DFR[[#This Row],[Date of filling]]="WIP",Tbl_DFR[[#This Row],[Date of Invoice ]]=""),"",Tbl_DFR[[#This Row],[Date of filling]]-Tbl_DFR[[#This Row],[Date of Invoice ]]) -> 0 | L99: =IF(ISNUMBER(Tbl_DFR[[#This Row],[Invoice filling gape]]),"valid","check") -> valid | M99: 7789 | N99: 2601 | O99: 13 | P99: 80 | Q99: =IF(Tbl_DFR[[#This Row],[Filling Qty]]>=150,"high","normal") -> normal | R99: =IF(AND(Tbl_DFR[[#This Row],[CMP]]="HALDWANI",Tbl_DFR[[#This Row],[Filling Qty]]>=150),"yes","no") -> no | S99: =IF(Tbl_DFR[[#This Row],[Filling Qty]]>=150,"high",IF(Tbl_DFR[[#This Row],[Filling Qty]]>=80,"medium","low")) -> medium | T99: =P99+O99 -> 93 | U99: {=_xlfn.IFS(Tbl_DFR[[#This Row],[Filling Qty]]>=150,"HIGH",Tbl_DFR[[#This Row],[Filling Qty]]>=80,"medium",TRUE,"low")} -> medium | V99: =IF(OR(Tbl_DFR[[#This Row],[CMP]]="HALDWANI",Tbl_DFR[[#This Row],[CMP]]="DEHRADUN"),"YES","NO") -> YES | W99: 45931 | X99: 0.61805556 | Y99: 45931 | Z99: =IFERROR(TEXT(Tbl_DFR[[#This Row],[Date of filling]],"mmm"),"WIP") -> Oct | AA99: =IFERROR(YEAR(Tbl_DFR[[#This Row],[Date of filling]]),"WIP") -> 2025 | AB99: =IFERROR(TEXT(Tbl_DFR[[#This Row],[Date of filling]],"ddd"),"WIP") -> Wed | AC99: Rajkumar Trt | AD99: =_xlfn.XLOOKUP(Tbl_DFR[[#This Row],[SAP]],Site_master[SAP ID],Site_master[ [ TECHNICIAN Name] ],"Not found") -> Raj Kumar | AE99: =LEN(Tbl_DFR[[#This Row],[SAP]]) -> 18 | AF99: =IF(Tbl_DFR[[#This Row],[SAP LENGTH]]=18,"valid","check") -> valid
A100: 50 | B100: DEHRADUN | C100: =UPPER(TRIM(Tbl_DFR[[#This Row],[CMP]])) -> DEHRADUN | D100: Vivek Kumar | E100: UK17CA5176 | F100: MANISH | G100: I-UW-DRDN-ENB-0332 | H100: 104511 | I100: 45935 | J100: 45935 | K100: =IF(OR(Tbl_DFR[[#This Row],[Date of filling]]="WIP",Tbl_DFR[[#This Row],[Date of Invoice ]]=""),"",Tbl_DFR[[#This Row],[Date of filling]]-Tbl_DFR[[#This Row],[Date of Invoice ]]) -> 0 | L100: =IF(ISNUMBER(Tbl_DFR[[#This Row],[Invoice filling gape]]),"valid","check") -> valid | M100: 124 | N100: 88 | O100: 25 | P100: 80 | Q100: =IF(Tbl_DFR[[#This Row],[Filling Qty]]>=150,"high","normal") -> normal | R100: =IF(AND(Tbl_DFR[[#This Row],[CMP]]="HALDWANI",Tbl_DFR[[#This Row],[Filling Qty]]>=150),"yes","no") -> no | S100: =IF(Tbl_DFR[[#This Row],[Filling Qty]]>=150,"high",IF(Tbl_DFR[[#This Row],[Filling Qty]]>=80,"medium","low")) -> medium | T100: =P100+O100 -> 105 | U100: {=_xlfn.IFS(Tbl_DFR[[#This Row],[Filling Qty]]>=150,"HIGH",Tbl_DFR[[#This Row],[Filling Qty]]>=80,"medium",TRUE,"low")} -> medium | V100: =IF(OR(Tbl_DFR[[#This Row],[CMP]]="HALDWANI",Tbl_DFR[[#This Row],[CMP]]="DEHRADUN"),"YES","NO") -> YES | W100: 45935 | X100: 45931 | Y100: 45931 | Z100: =IFERROR(TEXT(Tbl_DFR[[#This Row],[Date of filling]],"mmm"),"WIP") -> Oct | AA100: =IFERROR(YEAR(Tbl_DFR[[#This Row],[Date of filling]]),"WIP") -> 2025 | AB100: =IFERROR(TEXT(Tbl_DFR[[#This Row],[Date of filling]],"ddd"),"WIP") -> Sun | AD100: =_xlfn.XLOOKUP(Tbl_DFR[[#This Row],[SAP]],Site_master[SAP ID],Site_master[ [ TECHNICIAN Name] ],"Not found") -> Sandeep Pal | AE100: =LEN(Tbl_DFR[[#This Row],[SAP]]) -> 18 | AF100: =IF(Tbl_DFR[[#This Row],[SAP LENGTH]]=18,"valid","check") -> valid
...

Sheet DFR_Clean
A1: S.R | B1: CMP | C1: TRIM/UPPER(Clean CMP) | D1: IE Name | E1: Vehcile Number | F1: Filler Name | G1: SAP | H1: Invoice Number | I1: Date of Invoice | J1: Date of filling | K1: Invoice filling gape | L1: gap validation | M1: Fule filling DG Kwh | N1: Fuel filling DG Hrs | O1: Before filling Fuel level | P1: Filling Qty | Q1: IF (filling category) | R1: IF AND(High Haldwani flag) | S1: Nested IF (filling category) | T1: Total fuel Balance | U1: IFS (filling category) | V1: IF OR(priority cluster flag) | W1: Site Entry date in DFR | X1: Fuel Filling Timing | Y1: Month | Z1: TEXT(Filling month) | AA1: filling year | AB1: Filling day | AC1: Handover to Technician - Name | AD1: Mapped Technician | AE1: SAP LENGTH | AF1: SAP VALIDATION | AG1: Filling status | AH1: Site_master. TECHNICIAN Name
A2: 1 | B2: DEHRADUN | C2: DEHRADUN | D2: Vivek Kumar | E2: UK17CA5176 | F2: ASHISH | G2: I-UW-VKSN-ENB-9097 | H2: 151303 | I2: 45931 | J2: 45933 | K2: 2 | L2: valid | M2: 9798 | N2: 2116 | O2: 30 | P2: 60 | Q2: normal | R2: no | S2: low | T2: 90 | U2: low | V2: YES | W2: 45931 | X2: 45931 | Y2: 45931 | Z2: Oct | AA2: 2025 | AB2: Fri | AD2: Ankur Khatana | AE2: 18 | AF2: valid | AG2: completed | AH2: Ankur Khatana
A3: 63 | B3: DEHRADUN | C3: DEHRADUN | D3: Vivek Kumar | E3: UK08CB0821 | F3: SURENDRA | G3: I-UW-VKSN-ENB-9097 | H3: TXN100126953124 | I3: 45936 | J3: 45936 | K3: 0 | L3: valid | M3: 9869 | N3: 2178 | O3: 43 | P3: 60 | Q3: normal | R3: no | S3: low | T3: 103 | U3: low | V3: YES | W3: 45936 | X3: 45931 | Y3: 45931 | Z3: Oct | AA3: 2025 | AB3: Mon | AD3: Ankur Khatana | AE3: 18 | AF3: valid | AG3: completed | AH3: Ankur Khatana
A4: 1 | B4: HALDWANI | C4: HALDWANI | D4: Aashish Rai | E4: UK05CA2368 | F4: GANESH | G4: I-UW-BRIG-ENB-9002 | H4: TXN100125947379 | I4: 45931 | J4: 45932 | K4: 1 | L4: valid | M4: 2948 | N4: 547 | O4: 0 | P4: 120 | Q4: normal | R4: no | S4: medium | T4: 120 | U4: medium | V4: YES | W4: 45932 | Y4: 45931 | Z4: Oct | AA4: 2025 | AB4: Thu | AD4: Kamlesh Mahra | AE4: 18 | AF4: valid | AG4: completed | AH4: Kamlesh Mahra
A5: 2 | B5: DEHRADUN | C5: DEHRADUN | D5: Vivek Kumar | E5: UK17CA5176 | F5: ASHISH | G5: I-UW-VKSN-ENB-9164 | H5: 151030 | I5: 45931 | J5: 45933 | K5: 2 | L5: valid | M5: 11321 | N5: 2125 | O5: 15 | P5: 80 | Q5: normal | R5: no | S5: medium | T5: 95 | U5: medium | V5: YES | W5: 45931 | X5: 45931 | Y5: 45931 | Z5: Oct | AA5: 2025 | AB5: Fri | AD5: Sandeep Kumar Saini | AE5: 18 | AF5: valid | AG5: completed | AH5: Sandeep Kumar Saini
A6: 2 | B6: HALDWANI | C6: HALDWANI | D6: Aashish Rai | E6: UK05CA2368 | F6: GANESH | G6: I-UW-BRIG-ENB-9011 | H6: TXN100125947615 | I6: 45931 | J6: 45933 | K6: 2 | L6: valid | M6: 613 | N6: 223 | O6: 80 | P6: 60 | Q6: normal | R6: no | S6: low | T6: 140 | U6: low | V6: YES | W6: 45933 | Y6: 45931 | Z6: Oct | AA6: 2025 | AB6: Fri | AD6: Kuwar Singh Mehra | AE6: 18 | AF6: valid | AG6: completed | AH6: Kuwar Singh Mehra
A7: 10 | B7: DEHRADUN | C7: DEHRADUN | D7: Vivek Kumar | E7: UK17CA5597 | F7: ANIL | G7: I-UW-BLRN-ENB-9002 | H7: TXN100126016825 | I7: 45931 | J7: 45932 | K7: 1 | L7: valid | M7: 3534 | N7: 1102 | O7: 48 | P7: 80 | Q7: normal | R7: no | S7: medium | T7: 128 | U7: medium | V7: YES | W7: 45931 | X7: 45931 | Y7: 45931 | Z7: Oct | AA7: 2025 | AB7: Thu | AD7: Ankit Lasiyal | AE7: 18 | AF7: valid | AG7: completed | AH7: Ankit Lasiyal
A8: 3 | B8: DEHRADUN | C8: DEHRADUN | D8: Vivek Kumar | E8: UK17CA5176 | F8: ASHISH | G8: I-UW-DRDN-ENB-9009 | H8: 151303 | I8: 45931 | J8: 45933 | K8: 2 | L8: valid | M8: 12772 | N8: 2842 | O8: 14 | P8: 60 | Q8: normal | R8: no | S8: low | T8: 74 | U8: low | V8: YES | W8: 45931 | X8: 45931 | Y8: 45931 | Z8: Oct | AA8: 2025 | AB8: Fri | AD8: Ankur Khatana | AE8: 18 | AF8: valid | AG8: completed | AH8: Ankur Khatana
A9: 98 | B9: DEHRADUN | C9: DEHRADUN | D9: Vivek Kumar | E9: UK12CA2223 | F9: AKASH | G9: I-UW-DRDN-ENB-9009 | H9: 92103 | I9: 45938 | J9: 45938 | K9: 0 | L9: valid | M9: 10831 | N9: 2856 | O9: 53 | P9: 60 | Q9: normal | R9: no | S9: low | T9: 113 | U9: low | V9: YES | W9: 45938 | X9: 45931 | Y9: 45931 | Z9: Oct | AA9: 2025 | AB9: Wed | AD9: Ankur Khatana | AE9: 18 | AF9: valid | AG9: completed | AH9: Ankur Khatana
A10: 3 | B10: HALDWANI | C10: HALDWANI | D10: Aashish Rai | E10: UK05CA2368 | F10: GANESH | G10: I-UW-BRIG-ENB-9016 | H10: TXN100125951772 | I10: 45931 | J10: 45932 | K10: 1 | L10: valid | M10: 6772 | N10: 1361 | O10: 5 | P10: 60 | Q10: normal | R10: no | S10: low | T10: 65 | U10: low | V10: YES | W10: 45932 | Y10: 45931 | Z10: Oct | AA10: 2025 | AB10: Thu | AD10: Kamlesh Mahra | AE10: 18 | AF10: valid | AG10: completed | AH10: Kamlesh Mahra
A11: 4 | B11: DEHRADUN | C11: DEHRADUN | D11: Vivek Kumar | E11: UK17CA5176 | F11: ASHISH | G11: I-UW-VKSN-ENB-9145 | H11: 151303 | I11: 45931 | J11: 45932 | K11: 1 | L11: valid | M11: 9343 | N11: 2821 | O11: 13 | P11: 60 | Q11: normal | R11: no | S11: low | T11: 73 | U11: low | V11: YES | W11: 45931 | X11: 45931 | Y11: 45931 | Z11: Oct | AA11: 2025 | AB11: Thu | AD11: Rohit Thakur SLQU | AE11: 18 | AF11: valid | AG11: completed | AH11: Rohit Thakur SLQU
A12: 4 | B12: HALDWANI | C12: HALDWANI | D12: Aashish Rai | E12: UK05CA2368 | F12: GANESH | G12: I-UW-BRIG-ENB-9018 | H12: TXN100125947379 | I12: 45931 | J12: 45931 | K12: 0 | L12: valid | M12: 9556 | N12: 2590 | O12: 4 | P12: 100 | Q12: normal | R12: no | S12: medium | T12: 104 | U12: medium | V12: YES | W12: 45931 | Y12: 45931 | Z12: Oct | AA12: 2025 | AB12: Wed | AD12: Kamlesh Mahra | AE12: 18 | AF12: valid | AG12: completed | AH12: Kamlesh Mahra
A13: 5 | B13: DEHRADUN | C13: DEHRADUN | D13: Vivek Kumar | E13: UK17CA5176 | F13: ASHISH | G13: I-UW-VKSN-ENB-9074 | H13: 151030 | I13: 45931 | J13: 45933 | K13: 2 | L13: valid | M13: 4272 | N13: 507 | O13: 15 | P13: 80 | Q13: normal | R13: no | S13: medium | T13: 95 | U13: medium | V13: YES | W13: 45931 | X13: 45931 | Y13: 45931 | Z13: Oct | AA13: 2025 | AB13: Fri | AD13: Sandeep Kumar Saini | AE13: 18 | AF13: valid | AG13: completed | AH13: Sandeep Kumar Saini
A14: 5 | B14: HALDWANI | C14: HALDWANI | D14: Aashish Rai | E14: UK05CA2368 | F14: GANESH | G14: I-UW-BRIG-ENB-9019 | H14: TXN100125947379 | I14: 45931 | J14: 45931 | K14: 0 | L14: valid | M14: 13703 | N14: 2782 | O14: 42 | P14: 80 | Q14: normal | R14: no | S14: medium | T14: 122 | U14: medium | V14: YES | W14: 45931 | Y14: 45931 | Z14: Oct | AA14: 2025 | AB14: Wed | AD14: Kamlesh Mahra | AE14: 18 | AF14: valid | AG14: completed | AH14: Kamlesh Mahra
A15: 6 | B15: DEHRADUN | C15: DEHRADUN | D15: Vivek Kumar | E15: UK17CA5176 | F15: ASHISH | G15: I-UW-DRDN-ENB-0612 | H15: 151303 | I15: 45931 | J15: 45932 | K15: 1 | L15: valid | M15: 12515 | N15: 3069 | O15: 21 | P15: 60 | Q15: normal | R15: no | S15: low | T15: 81 | U15: low | V15: YES | W15: 45931 | X15: 45931 | Y15: 45931 | Z15: Oct | AA15: 2025 | AB15: Thu | AD15: Rohit Thakur SLQU | AE15: 18 | AF15: valid | AG15: completed | AH15: Rohit Thakur SLQU
A16: 6 | B16: HALDWANI | C16: HALDWANI | D16: Aashish Rai | E16: UK05CA2368 | F16: GANESH | G16: I-UW-BRIG-ENB-9024 | H16: TXN100125947379 | I16: 45931 | J16: 45931 | K16: 0 | L16: valid | M16: 9297 | N16: 2475 | O16: 71 | P16: 40 | Q16: normal | R16: no | S16: low | T16: 111 | U16: low | V16: YES | W16: 45931 | X16: 0.65277778 | Y16: 45931 | Z16: Oct | AA16: 2025 | AB16: Wed | AC16: KAMLESH SINGH MEHRA | AD16: Kamlesh Mahra | AE16: 18 | AF16: valid | AG16: completed | AH16: Kamlesh Mahra
A17: 7 | B17: DEHRADUN | C17: DEHRADUN | D17: Vivek Kumar | E17: UK17CA5176 | F17: ASHISH | G17: I-UW-XXXX-COW-0535 | H17: 151155 | I17: 45931 | J17: 45931 | K17: 0 | L17: valid | M17: 53384 | N17: 10847 | O17: 20 | P17: 160 | Q17: high | R17: no | S17: high | T17: 180 | U17: HIGH | V17: YES | W17: 45931 | X17: 45931 | Y17: 45931 | Z17: Oct | AA17: 2025 | AB17: Wed | AD17: Jitendra Negi | AE17: 18 | AF17: valid | AG17: completed | AH17: Jitendra Negi
A18: 120 | B18: DEHRADUN | C18: DEHRADUN | D18: Vivek Kumar | E18: UK12CA2223 | F18: AKASH | G18: I-UW-XXXX-COW-0535 | H18: 122232 | I18: 45940 | J18: 45941 | K18: 1 | L18: valid | M18: 53783 | N18: 10928 | O18: 23 | P18: 140 | Q18: normal | R18: no | S18: medium | T18: 163 | U18: medium | V18: YES | W18: 45940 | X18: 45931 | Y18: 45931 | Z18: Oct | AA18: 2025 | AB18: Sat | AD18: Jitendra Negi | AE18: 18 | AF18: valid | AG18: completed | AH18: Jitendra Negi
A19: 190 | B19: DEHRADUN | C19: DEHRADUN | D19: Vivek Kumar | E19: UK08CB0821 | F19: SURENDRA | G19: I-UW-XXXX-COW-0535 | H19: 153835 | I19: 45948 | J19: 45948 | K19: 0 | L19: valid | M19: 54104 | N19: 10994 | O19: 30 | P19: 160 | Q19: high | R19: no | S19: high | T19: 190 | U19: HIGH | V19: YES | W19: 45948 | X19: 45931 | Y19: 45931 | Z19: Oct | AA19: 2025 | AB19: Sat | AD19: Jitendra Negi | AE19: 18 | AF19: valid | AG19: completed | AH19: Jitendra Negi
A20: 211 | B20: DEHRADUN | C20: DEHRADUN | D20: Vivek Kumar | E20: UK08CB0821 | F20: SURENDRA | G20: I-UW-XXXX-COW-0535 | H20: 171237 | I20: 45957 | J20: 45957 | K20: 0 | L20: valid | M20: 54497 | N20: 11074 | O20: 25 | P20: 140 | Q20: normal | R20: no | S20: medium | T20: 165 | U20: medium | V20: YES | W20: 45957 | X20: 45931 | Y20: 45931 | Z20: Oct | AA20: 2025 | AB20: Mon | AD20: Jitendra Negi | AE20: 18 | AF20: valid | AG20: completed | AH20: Jitendra Negi
A21: 7 | B21: HALDWANI | C21: HALDWANI | D21: Aashish Rai | E21: UK05CA2368 | F21: GANESH | G21: I-UW-BRIG-ENB-9028 | H21: TXN100125947379 | I21: 45931 | J21: 45932 | K21: 1 | L21: valid | M21: 2393 | N21: 427 | O21: 42 | P21: 80 | Q21: normal | R21: no | S21: medium | T21: 122 | U21: medium | V21: YES | W21: 45932 | Y21: 45931 | Z21: Oct | AA21: 2025 | AB21: Thu | AD21: Kamlesh Mahra | AE21: 18 | AF21: valid | AG21: completed | AH21: Kamlesh Mahra
A22: 134 | B22: DEHRADUN | C22: DEHRADUN | D22: Vivek Kumar | E22: UK10CA1340 | F22: AKHILESH | G22: I-UW-BTWR-ENB-9035 | H22: TXN100128416839 | I22: 45943 | J22: 45944 | K22: 1 | L22: valid | M22: 2205 | N22: 434 | O22: 64 | P22: 80 | Q22: normal | R22: no | S22: medium | T22: 144 | U22: medium | V22: YES | W22: 45943 | X22: 45931 | Y22: 45931 | Z22: Oct | AA22: 2025 | AB22: Tue | AD22: Ajay Rawat | AE22: 18 | AF22: valid | AG22: completed | AH22: Ajay Rawat
A23: 8 | B23: DEHRADUN | C23: DEHRADUN | D23: Vivek Kumar | E23: UK17CA5597 | F23: ANIL | G23: I-UW-GSLI-ENB-9038 | H23: TXN100126016825 | I23: 45931 | J23: 45932 | K23: 1 | L23: valid | M23: 5661 | N23: 1602 | O23: 64 | P23: 80 | Q23: normal | R23: no | S23: medium | T23: 144 | U23: medium | V23: YES | W23: 45931 | X23: 45931 | Y23: 45931 | Z23: Oct | AA23: 2025 | AB23: Thu | AD23: Amit Pal Singh | AE23: 18 | AF23: valid | AG23: completed | AH23: Amit Pal Singh
A24: 8 | B24: HALDWANI | C24: HALDWANI | D24: Aashish Rai | E24: UK05CA2368 | F24: GANESH | G24: I-UW-BRIG-ILA-0001 | H24: TXN100125947268 | I24: 45931 | J24: 45931 | K24: 0 | L24: valid | M24: 3789 | N24: 1560 | O24: 50 | P24: 60 | Q24: normal | R24: no | S24: low | T24: 110 | U24: low | V24: YES | W24: 45931 | Y24: 45931 | Z24: Oct | AA24: 2025 | AB24: Wed | AD24: Kamlesh Mahra | AE24: 18 | AF24: valid | AG24: completed | AH24: Kamlesh Mahra
A25: 9 | B25: DEHRADUN | C25: DEHRADUN | D25: Vivek Kumar | E25: UK17CA5597 | F25: ANIL | G25: I-UW-GSLI-ENB-9076 | H25: TXN100126016825 | I25: 45931 | J25: 45932 | K25: 1 | L25: valid | M25: 5520 | N25: 1455 | O25: 40 | P25: 80 | Q25: normal | R25: no | S25: medium | T25: 120 | U25: medium | V25: YES | W25: 45931 | X25: 45931 | Y25: 45931 | Z25: Oct | AA25: 2025 | AB25: Thu | AD25: Pawan Kumar | AE25: 18 | AF25: valid | AG25: completed | AH25: Pawan Kumar
A26: 9 | B26: HALDWANI | C26: HALDWANI | D26: Aashish Rai | E26: UP21ET8573 | F26: AMAN | G26: I-UW-BZPR-ENB-9018 | H26: 80958 | I26: 45931 | J26: 45931 | K26: 0 | L26: valid | M26: 12182 | N26: 2214 | O26: 45 | P26: 40 | Q26: normal | R26: no | S26: low | T26: 85 | U26: low | V26: YES | W26: 45931 | X26: 0.46458333 | Y26: 45931 | Z26: Oct | AA26: 2025 | AB26: Wed | AC26: Ankit Kumar | AD26: Kapil Pal | AE26: 18 | AF26: valid | AG26: completed | AH26: Kapil Pal
A27: 560 | B27: HALDWANI | C27: HALDWANI | D27: Aashish Rai | E27: UP21ET8573 | F27: AMAN | G27: I-UW-BZPR-ENB-9018 | H27: 90553 | I27: 45946 | J27: 45946 | K27: 0 | L27: valid | M27: 12381 | N27: 2243 | O27: 12 | P27: 40 | Q27: normal | R27: no | S27: low | T27: 52 | U27: low | V27: YES | W27: 45946 | Y27: 45931 | Z27: Oct | AA27: 2025 | AB27: Thu | AD27: Kapil Pal | AE27: 18 | AF27: valid | AG27: completed | AH27: Kapil Pal
A28: 649 | B28: HALDWANI | C28: HALDWANI | D28: Aashish Rai | E28: UP21ET8573 | F28: AMAN | G28: I-UW-BZPR-ENB-9018 | H28: 95441 | I28: 45960 | J28: 45960 | K28: 0 | L28: valid | M28: 12559 | N28: 2271 | O28: 12 | P28: 40 | Q28: normal | R28: no | S28: low | T28: 52 | U28: low | V28: YES | W28: 45960 | Y28: 45931 | Z28: Oct | AA28: 2025 | AB28: Thu | AD28: Kapil Pal | AE28: 18 | AF28: valid | AG28: completed | AH28: Kapil Pal
A29: 10 | B29: HALDWANI | C29: HALDWANI | D29: Aashish Rai | E29: UP21ET8573 | F29: AMAN | G29: I-UW-BZPR-ENB-9022 | H29: 80853 | I29: 45931 | J29: 45931 | K29: 0 | L29: valid | M29: 16080 | N29: 4430 | O29: 17 | P29: 140 | Q29: normal | R29: no | S29: medium | T29: 157 | U29: medium | V29: YES | W29: 45931 | Y29: 45931 | Z29: Oct | AA29: 2025 | AB29: Wed | AD29: Kapil Pal | AE29: 18 | AF29: valid | AG29: completed | AH29: Kapil Pal
A30: 11 | B30: DEHRADUN | C30: DEHRADUN | D30: Vivek Kumar | E30: UK17CA5597 | F30: ANIL | G30: I-UW-JHDR-ENB-9002 | H30: TXN100126016826 | I30: 45931 | J30: 45933 | K30: 2 | L30: valid | M30: 3713 | N30: 771 | O30: 66 | P30: 80 | Q30: normal | R30: no | S30: medium | T30: 146 | U30: medium | V30: YES | W30: 45931 | X30: 45931 | Y30: 45931 | Z30: Oct | AA30: 2025 | AB30: Fri | AD30: Ashok Singh Ramola | AE30: 18 | AF30: valid | AG30: completed | AH30: Ashok Singh Ramola
A31: 135 | B31: DEHRADUN | C31: DEHRADUN | D31: Vivek Kumar | E31: UK10CA1340 | F31: AKHILESH | G31: I-UW-BTWR-ENB-9054 | H31: TXN100128416839 | I31: 45943 | J31: 45944 | K31: 1 | L31: valid | M31: 6360 | N31: 1528 | O31: 78 | P31: 80 | Q31: normal | R31: no | S31: medium | T31: 158 | U31: medium | V31: YES | W31: 45943 | X31: 45931 | Y31: 45931 | Z31: Oct | AA31: 2025 | AB31: Tue | AD31: Ajay Rawat | AE31: 18 | AF31: valid | AG31: completed | AH31: Ajay Rawat
A32: 11 | B32: HALDWANI | C32: HALDWANI | D32: Aashish Rai | E32: UP21ET8573 | F32: AMAN | G32: I-UW-BZPR-ENB-9025 | H32: 80853 | I32: 45931 | J32: 45931 | K32: 0 | L32: valid | M32: 9551 | N32: 1857 | O32: 18 | P32: 60 | Q32: normal | R32: no | S32: low | T32: 78 | U32: low | V32: YES | W32: 45931 | Y32: 45931 | Z32: Oct | AA32: 2025 | AB32: Wed | AD32: Kapil Pal | AE32: 18 | AF32: valid | AG32: completed | AH32: Kapil Pal
A33: 561 | B33: HALDWANI | C33: HALDWANI | D33: Aashish Rai | E33: UP21ET8573 | F33: AMAN | G33: I-UW-BZPR-ENB-9025 | H33: 90553 | I33: 45946 | J33: 45946 | K33: 0 | L33: valid | M33: 9700 | N33: 1884 | O33: 18 | P33: 40 | Q33: normal | R33: no | S33: low | T33: 58 | U33: low | V33: YES | W33: 45946 | Y33: 45931 | Z33: Oct | AA33: 2025 | AB33: Thu | AD33: Kapil Pal | AE33: 18 | AF33: valid | AG33: completed | AH33: Kapil Pal
A34: 12 | B34: DEHRADUN | C34: DEHRADUN | D34: Vivek Kumar | E34: UK17CA 5823 | F34: VINAY | G34: I-UW-CHRD-ENB-9038 | H34: TXN100126168123 | I34: 45932 | J34: 45933 | K34: 1 | L34: valid | M34: 1089 | N34: 242 | O34: 124 | P34: 100 | Q34: normal | R34: no | S34: medium | T34: 224 | U34: medium | V34: YES | W34: 45932 | X34: 45931 | Y34: 45931 | Z34: Oct | AA34: 2025 | AB34: Fri | AD34: Jagat Singh Chauhan | AE34: 18 | AF34: valid | AG34: completed | AH34: Jagat Singh Chauhan
A35: 12 | B35: HALDWANI | C35: HALDWANI | D35: Aashish Rai | E35: UP21ET8573 | F35: AMAN | G35: I-UW-BZPR-ENB-9026 | H35: 80853 | I35: 45931 | J35: 45931 | K35: 0 | L35: valid | M35: 11912 | N35: 2712 | O35: 28 | P35: 120 | Q35: normal | R35: no | S35: medium | T35: 148 | U35: medium | V35: YES | W35: 45931 | X35: 0.60347222 | Y35: 45931 | Z35: Oct | AA35: 2025 | AB35: Wed | AC35: Ankit | AD35: Kapil Pal | AE35: 18 | AF35: valid | AG35: completed | AH35: Kapil Pal
A36: 13 | B36: DEHRADUN | C36: DEHRADUN | D36: Vivek Kumar | E36: UK17CA 5823 | F36: VINAY | G36: I-UW-MORI-ENB-9004 | H36: TXN100126168017 | I36: 45932 | J36: 45931 | K36: -1 | L36: valid | M36: 3935 | N36: 568 | O36: 0 | P36: 200 | Q36: high | R36: no | S36: high | T36: 200 | U36: HIGH | V36: YES | W36: 45932 | X36: 45931 | Y36: 45931 | Z36: Oct | AA36: 2025 | AB36: Wed | AD36: Sandeep Kumar MORI | AE36: 18 | AF36: valid | AG36: completed | AH36: Sandeep Kumar MORI
A37: 124 | B37: DEHRADUN | C37: DEHRADUN | D37: Vivek Kumar | E37: UK17CA 5823 | F37: BALLU | G37: I-UW-MORI-ENB-9004 | H37: TXN100128019690 | I37: 45941 | J37: 45943 | K37: 2 | L37: valid | M37: 4464 | N37: 636 | O37: 22 | P37: 160 | Q37: high | R37: no | S37: high | T37: 182 | U37: HIGH | V37: YES | W37: 45941 | X37: 45931 | Y37: 45931 | Z37: Oct | AA37: 2025 | AB37: Mon | AD37: Sandeep Kumar MORI | AE37: 18 | AF37: valid | AG37: completed | AH37: Sandeep Kumar MORI
A38: 165 | B38: DEHRADUN | C38: DEHRADUN | D38: Vivek Kumar | E38: UP11CT5505 | F38: ANIL | G38: I-UW-CHMB-ENB-9001 | H38: TXN100129652477 | I38: 45948 | J38: 45948 | K38: 0 | L38: valid | M38: 4908 | N38: 1123 | O38: 25 | P38: 80 | Q38: normal | R38: no | S38: medium | T38: 105 | U38: medium | V38: YES | W38: 45948 | X38: 45931 | Y38: 45931 | Z38: Oct | AA38: 2025 | AB38: Sat | AD38: Kishan Singh Rawat | AE38: 18 | AF38: valid | AG38: completed | AH38: Kishan Singh Rawat
A39: 13 | B39: HALDWANI | C39: HALDWANI | D39: Aashish Rai | E39: UP21ET8573 | F39: AMAN | G39: I-UW-BZPR-ENB-9040 | H39: 80958 | I39: 45931 | J39: 45931 | K39: 0 | L39: valid | M39: 3694 | N39: 605 | O39: 45 | P39: 40 | Q39: normal | R39: no | S39: low | T39: 85 | U39: low | V39: YES | W39: 45931 | X39: 0.58541667 | Y39: 45931 | Z39: Oct | AA39: 2025 | AB39: Wed | AC39: Kapil Pal | AD39: Kapil Pal | AE39: 18 | AF39: valid | AG39: completed | AH39: Kapil Pal
A40: 114 | B40: DEHRADUN | C40: DEHRADUN | D40: Vivek Kumar | E40: UK17CA5597 | F40: VINAY | G40: I-UW-CHMB-ILA-0001 | H40: TXN100127683811 | I40: 45939 | J40: 45942 | K40: 3 | L40: valid | M40: 317 | N40: 155 | O40: 42 | P40: 100 | Q40: normal | R40: no | S40: medium | T40: 142 | U40: medium | V40: YES | W40: 45939 | X40: 45931 | Y40: 45931 | Z40: Oct | AA40: 2025 | AB40: Sun | AD40: Kishan Singh Rawat | AE40: 18 | AF40: valid | AG40: completed | AH40: Kishan Singh Rawat
A41: 14 | B41: DEHRADUN | C41: DEHRADUN | D41: Vivek Kumar | E41: UK17CA 5823 | F41: VINAY | G41: I-UW-MORI-ENB-9009 | H41: TXN100126172174 | I41: 45932 | J41: 45932 | K41: 0 | L41: valid | M41: 27822 | N41: 5555 | O41: 0 | P41: 200 | Q41: high | R41: no | S41: high | T41: 200 | U41: HIGH | V41: YES | W41: 45932 | X41: 45931 | Y41: 45931 | Z41: Oct | AA41: 2025 | AB41: Thu | AD41: Sandeep Kumar MORI | AE41: 18 | AF41: valid | AG41: completed | AH41: Sandeep Kumar MORI
A42: 125 | B42: DEHRADUN | C42: DEHRADUN | D42: Vivek Kumar | E42: UK17CA 5823 | F42: BALLU | G42: I-UW-MORI-ENB-9009 | H42: TXN100128019989 | I42: 45941 | J42: 45943 | K42: 2 | L42: valid | M42: 28236 | N42: 5637 | O42: 38 | P42: 100 | Q42: normal | R42: no | S42: medium | T42: 138 | U42: medium | V42: YES | W42: 45941 | X42: 45931 | Y42: 45931 | Z42: Oct | AA42: 2025 | AB42: Mon | AD42: Sandeep Kumar MORI | AE42: 18 | AF42: valid | AG42: completed | AH42: Sandeep Kumar MORI
A43: 182 | B43: DEHRADUN | C43: DEHRADUN | D43: Vivek Kumar | E43: UK17CA 5823 | F43: VINAY | G43: I-UW-CHRD-ENB-9024 | H43: TXN100129360575 | I43: 45947 | J43: 45947 | K43: 0 | L43: valid | M43: 2989 | N43: 727 | O43: 54 | P43: 80 | Q43: normal | R43: no | S43: medium | T43: 134 | U43: medium | V43: YES | W43: 45947 | X43: 45931 | Y43: 45931 | Z43: Oct | AA43: 2025 | AB43: Fri | AD43: Anup Singh KLSI | AE43: 18 | AF43: valid | AG43: completed | AH43: Anup Singh KLSI
A44: 14 | B44: HALDWANI | C44: HALDWANI | D44: Aashish Rai | E44: UP21ET8573 | F44: AMAN | G44: I-UW-BZPR-ENB-9041 | H44: 80958 | I44: 45931 | J44: 45932 | K44: 1 | L44: valid | M44: 10444 | N44: 3251 | O44: 30 | P44: 40 | Q44: normal | R44: no | S44: low | T44: 70 | U44: low | V44: YES | W44: 45932 | Y44: 45931 | Z44: Oct | AA44: 2025 | AB44: Thu | AD44: Kapil Pal | AE44: 18 | AF44: valid | AG44: completed | AH44: Kapil Pal
A45: 33 | B45: DEHRADUN | C45: DEHRADUN | D45: Vivek Kumar | E45: UK17CA 5823 | F45: VINAY | G45: I-UW-CHRD-ENB-9032 | H45: TXN100126546332 | I45: 45934 | J45: 45934 | K45: 0 | L45: valid | M45: 1706 | N45: 450 | O45: 47 | P45: 80 | Q45: normal | R45: no | S45: medium | T45: 127 | U45: medium | V45: YES | W45: 45934 | X45: 45931 | Y45: 45931 | Z45: Oct | AA45: 2025 | AB45: Sat | AD45: Anup Singh KLSI | AE45: 18 | AF45: valid | AG45: completed | AH45: Anup Singh KLSI
A46: 15 | B46: DEHRADUN | C46: DEHRADUN | D46: Vivek Kumar | E46: UK17CA 5823 | F46: VINAY | G46: I-UW-SAKI-ENB-9008 | H46: TXN100126172174 | I46: 45932 | J46: 45932 | K46: 0 | L46: valid | M46: 13002 | N46: 2030 | O46: 58 | P46: 140 | Q46: normal | R46: no | S46: medium | T46: 198 | U46: medium | V46: YES | W46: 45932 | X46: 45931 | Y46: 45931 | Z46: Oct | AA46: 2025 | AB46: Thu | AD46: Sandeep Kumar MORI | AE46: 18 | AF46: valid | AG46: completed | AH46: Sandeep Kumar MORI
A47: 133 | B47: DEHRADUN | C47: DEHRADUN | D47: Vivek Kumar | E47: UK17CA 5823 | F47: BALLU | G47: I-UW-SAKI-ENB-9008 | H47: TXN100128428907 | I47: 45943 | J47: 45943 | K47: 0 | L47: valid | M47: 13242 | N47: 2065 | O47: 106 | P47: 60 | Q47: normal | R47: no | S47: low | T47: 166 | U47: low | V47: YES | W47: 45943 | X47: 45931 | Y47: 45931 | Z47: Oct | AA47: 2025 | AB47: Mon | AD47: Sandeep Kumar MORI | AE47: 18 | AF47: valid | AG47: completed | AH47: Sandeep Kumar MORI
A48: 185 | B48: DEHRADUN | C48: DEHRADUN | D48: Vivek Kumar | E48: UK17CA 5823 | F48: VINAY | G48: I-UW-CHRD-ENB-9030 | H48: TXN100129360316 | I48: 45947 | J48: 45947 | K48: 0 | L48: valid | M48: 3421 | N48: 1320 | O48: 48 | P48: 80 | Q48: normal | R48: no | S48: medium | T48: 128 | U48: medium | V48: YES | W48: 45947 | X48: 45931 | Y48: 45931 | Z48: Oct | AA48: 2025 | AB48: Fri | AD48: Shyam Singh Rana | AE48: 18 | AF48: valid | AG48: completed | AH48: Shyam Singh Rana
A49: 15 | B49: HALDWANI | C49: HALDWANI | D49: Aashish Rai | E49: UP21ET8573 | F49: AMAN | G49: I-UW-BZPR-ENB-9042 | H49: 80853 | I49: 45931 | J49: 45931 | K49: 0 | L49: valid | M49: 5958 | N49: 1228 | O49: 21 | P49: 60 | Q49: normal | R49: no | S49: low | T49: 81 | U49: low | V49: YES | W49: 45931 | Y49: 45931 | Z49: Oct | AA49: 2025 | AB49: Wed | AD49: Kapil Pal | AE49: 18 | AF49: valid | AG49: completed | AH49: Kapil Pal
A50: 32 | B50: DEHRADUN | C50: DEHRADUN | D50: Vivek Kumar | E50: UK17CA 5823 | F50: VINAY | G50: I-UW-CHRD-ENB-9041 | H50: TXN100126547267 | I50: 45934 | J50: 45934 | K50: 0 | L50: valid | M50: 12742 | N50: 2895 | O50: 42 | P50: 80 | Q50: normal | R50: no | S50: medium | T50: 122 | U50: medium | V50: YES | W50: 45934 | X50: 45931 | Y50: 45931 | Z50: Oct | AA50: 2025 | AB50: Sat | AD50: Anup Singh KLSI | AE50: 18 | AF50: valid | AG50: completed | AH50: Anup Singh KLSI
A51: 16 | B51: DEHRADUN | C51: DEHRADUN | D51: Vivek Kumar | E51: UK17CA 5823 | F51: VINAY | G51: I-UW-MORI-ENB-9018 | H51: TXN100126172174 | I51: 45932 | J51: 45932 | K51: 0 | L51: valid | M51: 6603 | N51: 1354 | O51: 95 | P51: 100 | Q51: normal | R51: no | S51: medium | T51: 195 | U51: medium | V51: YES | W51: 45932 | X51: 45931 | Y51: 45931 | Z51: Oct | AA51: 2025 | AB51: Thu | AD51: Yashpal Bhandari | AE51: 18 | AF51: valid | AG51: completed | AH51: Yashpal Bhandari
A52: 184 | B52: DEHRADUN | C52: DEHRADUN | D52: Vivek Kumar | E52: UK17CA 5823 | F52: VINAY | G52: I-UW-CHRD-ENB-9033 | H52: TXN100129360316 | I52: 45947 | J52: 45947 | K52: 0 | L52: valid | M52: 13158 | N52: 3827 | O52: 40 | P52: 80 | Q52: normal | R52: no | S52: medium | T52: 120 | U52: medium | V52: YES | W52: 45947 | X52: 45931 | Y52: 45931 | Z52: Oct | AA52: 2025 | AB52: Fri | AD52: Shyam Singh Rana | AE52: 18 | AF52: valid | AG52: completed | AH52: Shyam Singh Rana
A53: 16 | B53: HALDWANI | C53: HALDWANI | D53: Aashish Rai | E53: UP21ET8573 | F53: AMAN | G53: I-UW-BZPR-ENB-9048 | H53: 80958 | I53: 45931 | J53: 45931 | K53: 0 | L53: valid | M53: 6593 | N53: 1394 | O53: 65 | P53: 40 | Q53: normal | R53: no | S53: low | T53: 105 | U53: low | V53: YES | W53: 45931 | Y53: 45931 | Z53: Oct | AA53: 2025 | AB53: Wed | AD53: Kapil Pal | AE53: 18 | AF53: valid | AG53: completed | AH53: Kapil Pal
A54: 38 | B54: DEHRADUN | C54: DEHRADUN | D54: Vivek Kumar | E54: UK17CA 5823 | F54: VINAY | G54: I-UW-CHRD-ENB-9036 | H54: TXN100126546332 | I54: 45934 | J54: 45936 | K54: 2 | L54: valid | M54: 8771 | N54: 577 | O54: 5 | P54: 80 | Q54: normal | R54: no | S54: medium | T54: 85 | U54: medium | V54: YES | W54: 45934 | X54: 45931 | Y54: 45931 | Z54: Oct | AA54: 2025 | AB54: Mon | AD54: Shyam Singh Rana | AE54: 18 | AF54: valid | AG54: completed | AH54: Shyam Singh Rana
A55: 17 | B55: DEHRADUN | C55: DEHRADUN | D55: Vivek Kumar | E55: UK17CA5176 | F55: ASHISH | G55: I-UW-JWGH-ENB-9001 | H55: 120301 | I55: 45933 | J55: 45933 | K55: 0 | L55: valid | M55: 7738 | N55: 1551 | O55: 20 | P55: 80 | Q55: normal | R55: no | S55: medium | T55: 100 | U55: medium | V55: YES | W55: 45933 | X55: 45931 | Y55: 45931 | Z55: Oct | AA55: 2025 | AB55: Fri | AD55: Sandeep Kumar Saini | AE55: 18 | AF55: valid | AG55: completed | AH55: Sandeep Kumar Saini
A56: 17 | B56: HALDWANI | C56: HALDWANI | D56: Aashish Rai | E56: UP21ET8573 | F56: AMAN | G56: I-UW-BZPR-ENB-9053 | H56: 80958 | I56: 45931 | J56: 45931 | K56: 0 | L56: valid | M56: 8560 | N56: 1593 | O56: 30 | P56: 40 | Q56: normal | R56: no | S56: low | T56: 70 | U56: low | V56: YES | W56: 45931 | X56: 0.44513889 | Y56: 45931 | Z56: Oct | AA56: 2025 | AB56: Wed | AC56: Ankit | AD56: Kapil Pal | AE56: 18 | AF56: valid | AG56: completed | AH56: Kapil Pal
A57: 562 | B57: HALDWANI | C57: HALDWANI | D57: Aashish Rai | E57: UP21ET8573 | F57: AMAN | G57: I-UW-BZPR-ENB-9053 | H57: 90553 | I57: 45946 | J57: 45946 | K57: 0 | L57: valid | M57: 8677 | N57: 1613 | O57: 26 | P57: 40 | Q57: normal | R57: no | S57: low | T57: 66 | U57: low | V57: YES | W57: 45946 | Y57: 45931 | Z57: Oct | AA57: 2025 | AB57: Thu | AD57: Kapil Pal | AE57: 18 | AF57: valid | AG57: completed | AH57: Kapil Pal
A58: 18 | B58: DEHRADUN | C58: DEHRADUN | D58: Vivek Kumar | E58: UK17CA5176 | F58: ASHISH | G58: I-UW-DRDN-ENB-0582 | H58: 120301 | I58: 45933 | J58: 45935 | K58: 2 | L58: valid | M58: 10331 | N58: 3468 | O58: 50 | P58: 80 | Q58: normal | R58: no | S58: medium | T58: 130 | U58: medium | V58: YES | W58: 45933 | X58: 45931 | Y58: 45931 | Z58: Oct | AA58: 2025 | AB58: Sun | AD58: Amit Saini | AE58: 18 | AF58: valid | AG58: completed | AH58: Amit Saini
A59: 29 | B59: DEHRADUN | C59: DEHRADUN | D59: Vivek Kumar | E59: UK17CA 5823 | F59: VINAY | G59: I-UW-KLSI-ENB-9013 | H59: TXN100126547267 | I59: 45934 | J59: 45935 | K59: 1 | L59: valid | M59: 8820 | N59: 2142 | O59: 50 | P59: 60 | Q59: normal | R59: no | S59: low | T59: 110 | U59: low | V59: YES | W59: 45934 | X59: 45931 | Y59: 45931 | Z59: Oct | AA59: 2025 | AB59: Sun | AD59: Anup Singh KLSI | AE59: 18 | AF59: valid | AG59: completed | AH59: Anup Singh KLSI
A60: 19 | B60: DEHRADUN | C60: DEHRADUN | D60: Vivek Kumar | E60: UK17CA5176 | F60: ASHISH | G60: I-UW-DRDN-ENB-0400 | H60: 120301 | I60: 45933 | J60: 45935 | K60: 2 | L60: valid | M60: 10609 | N60: 2417 | O60: 62 | P60: 80 | Q60: normal | R60: no | S60: medium | T60: 142 | U60: medium | V60: YES | W60: 45933 | X60: 45931 | Y60: 45931 | Z60: Oct | AA60: 2025 | AB60: Sun | AD60: Amit Saini | AE60: 18 | AF60: valid | AG60: completed | AH60: Amit Saini
A61: 74 | B61: DEHRADUN | C61: DEHRADUN | D61: Vivek Kumar | E61: UK10CA1340 | F61: AKHILESH | G61: I-UW-CHRD-ENB-9048 | H61: TXN100126968779 | I61: 45936 | J61: 45937 | K61: 1 | L61: valid | M61: 8351 | N61: 1762 | O61: 34 | P61: 100 | Q61: normal | R61: no | S61: medium | T61: 134 | U61: medium | V61: YES | W61: 45936 | X61: 45931 | Y61: 45931 | Z61: Oct | AA61: 2025 | AB61: Tue | AD61: Vijay Singh Kaintura | AE61: 18 | AF61: valid | AG61: completed | AH61: Vijay Singh Kaintura
A62: 20 | B62: DEHRADUN | C62: DEHRADUN | D62: Vivek Kumar | E62: UK17CA5597 | F62: ANIL | G62: I-UW-DNUI-ENB-9040 | H62: TXN100126290150 | I62: 45933 | J62: 45935 | K62: 2 | L62: valid | M62: 2772 | N62: 887 | O62: 53 | P62: 80 | Q62: normal | R62: no | S62: medium | T62: 133 | U62: medium | V62: YES | W62: 45933 | X62: 45931 | Y62: 45931 | Z62: Oct | AA62: 2025 | AB62: Sun | AD62: Vinod Uniyal | AE62: 18 | AF62: valid | AG62: completed | AH62: Vinod Uniyal
A63: 21 | B63: DEHRADUN | C63: DEHRADUN | D63: Vivek Kumar | E63: UK17CA5597 | F63: ANIL | G63: I-UW-DRDN-ENB-9047 | H63: TXN100126290150 | I63: 45933 | J63: 45935 | K63: 2 | L63: valid | M63: 5481 | N63: 838 | O63: 65 | P63: 80 | Q63: normal | R63: no | S63: medium | T63: 145 | U63: medium | V63: YES | W63: 45933 | X63: 45931 | Y63: 45931 | Z63: Oct | AA63: 2025 | AB63: Sun | AD63: Vinod Uniyal | AE63: 18 | AF63: valid | AG63: completed | AH63: Vinod Uniyal
A64: 21 | B64: HALDWANI | C64: HALDWANI | D64: Aashish Rai | E64: UK03CA2120 | F64: DEEPAK | G64: I-UW-CPWT-ENB-9045 | H64: TXN100125969053 | I64: 45931 | J64: 45931 | K64: 0 | L64: valid | M64: 3313 | N64: 738 | O64: 22 | P64: 80 | Q64: normal | R64: no | S64: medium | T64: 102 | U64: medium | V64: YES | W64: 45931 | X64: 0.54791667 | Y64: 45931 | Z64: Oct | AA64: 2025 | AB64: Wed | AC64: Deepak Chandra Joshi | AD64: Deepak Joshi | AE64: 18 | AF64: valid | AG64: completed | AH64: Deepak Joshi
A65: 492 | B65: HALDWANI | C65: HALDWANI | D65: Aashish Rai | E65: UK03CA2120 | F65: DEEPAK | G65: I-UW-CPWT-ENB-9045 | H65: TXN100128415401 | I65: 45943 | J65: 45943 | K65: 0 | L65: valid | M65: 3461 | N65: 766 | O65: 38 | P65: 60 | Q65: normal | R65: no | S65: low | T65: 98 | U65: low | V65: YES | W65: 45943 | Y65: 45931 | Z65: Oct | AA65: 2025 | AB65: Mon | AD65: Deepak Joshi | AE65: 18 | AF65: valid | AG65: completed | AH65: Deepak Joshi
A66: 604 | B66: HALDWANI | C66: HALDWANI | D66: Aashish Rai | E66: UK03CA2120 | F66: DEEPAK | G66: I-UW-CPWT-ENB-9045 | H66: TXN100129924280 | I66: 45950 | J66: 45950 | K66: 0 | L66: valid | M66: 3575 | N66: 787 | O66: 52 | P66: 60 | Q66: normal | R66: no | S66: low | T66: 112 | U66: low | V66: YES | W66: 45950 | Y66: 45931 | Z66: Oct | AA66: 2025 | AB66: Mon | AD66: Deepak Joshi | AE66: 18 | AF66: valid | AG66: completed | AH66: Deepak Joshi
A67: 667 | B67: HALDWANI | C67: HALDWANI | D67: Aashish Rai | E67: UK03CA2120 | F67: DEEPAK | G67: I-UW-CPWT-ENB-9045 | H67: TXN100131957630 | I67: 45961 | J67: 45962 | K67: 1 | L67: valid | M67: 3726 | N67: 812 | O67: 57 | P67: 80 | Q67: normal | R67: no | S67: medium | T67: 137 | U67: medium | V67: YES | W67: 45962 | Y67: 45931 | Z67: Nov | AA67: 2025 | AB67: Sat | AD67: Deepak Joshi | AE67: 18 | AF67: valid | AG67: completed | AH67: Deepak Joshi
A68: 22 | B68: DEHRADUN | C68: DEHRADUN | D68: Vivek Kumar | E68: UK17CA5597 | F68: ANIL | G68: I-UW-DNUI-ENB-9042 | H68: TXN100126290513 | I68: 45933 | J68: 45935 | K68: 2 | L68: valid | M68: 3864 | N68: 975 | O68: 68 | P68: 80 | Q68: normal | R68: no | S68: medium | T68: 148 | U68: medium | V68: YES | W68: 45933 | X68: 45931 | Y68: 45931 | Z68: Oct | AA68: 2025 | AB68: Sun | AD68: Vinod Uniyal | AE68: 18 | AF68: valid | AG68: completed | AH68: Vinod Uniyal
A69: 183 | B69: DEHRADUN | C69: DEHRADUN | D69: Vivek Kumar | E69: UK17CA 5823 | F69: VINAY | G69: I-UW-KLSI-ENB-9016 | H69: TXN100129360575 | I69: 45947 | J69: 45947 | K69: 0 | L69: valid | M69: 2062 | N69: 285 | O69: 51 | P69: 80 | Q69: normal | R69: no | S69: medium | T69: 131 | U69: medium | V69: YES | W69: 45947 | X69: 45931 | Y69: 45931 | Z69: Oct | AA69: 2025 | AB69: Fri | AD69: Anup Singh KLSI | AE69: 18 | AF69: valid | AG69: completed | AH69: Anup Singh KLSI
A70: 64 | B70: DEHRADUN | C70: DEHRADUN | D70: Vivek Kumar | E70: UK08CB0821 | F70: SURENDRA | G70: I-UW-CNTA-ENB-9002 | H70: TXN100126952961 | I70: 45936 | J70: 45936 | K70: 0 | L70: valid | M70: 14642 | N70: 3537 | O70: 5 | P70: 80 | Q70: normal | R70: no | S70: medium | T70: 85 | U70: medium | V70: YES | W70: 45936 | X70: 45931 | Y70: 45931 | Z70: Oct | AA70: 2025 | AB70: Mon | AD70: Rohit Thakur SLQU | AE70: 18 | AF70: valid | AG70: completed | AH70: Rohit Thakur SLQU
A71: 198 | B71: DEHRADUN | C71: DEHRADUN | D71: Vivek Kumar | E71: UK08CB0821 | F71: SURENDRA | G71: I-UW-CNTA-ENB-9002 | H71: 114240 | I71: 45954 | J71: 45954 | K71: 0 | L71: valid | M71: 14745 | N71: 3562 | O71: 18 | P71: 40 | Q71: normal | R71: no | S71: low | T71: 58 | U71: low | V71: YES | W71: 45954 | X71: 45931 | Y71: 45931 | Z71: Oct | AA71: 2025 | AB71: Fri | AD71: Rohit Thakur SLQU | AE71: 18 | AF71: valid | AG71: completed | AH71: Rohit Thakur SLQU
A72: 23 | B72: DEHRADUN | C72: DEHRADUN | D72: Vivek Kumar | E72: UK17CA5597 | F72: ANIL | G72: I-UW-CYSR-ENB-9013 | H72: TXN100126290513 | I72: 45933 | J72: 45934 | K72: 1 | L72: valid | M72: 7060 | N72: 2412 | O72: 80 | P72: 80 | Q72: normal | R72: no | S72: medium | T72: 160 | U72: medium | V72: YES | W72: 45933 | X72: 45931 | Y72: 45931 | Z72: Oct | AA72: 2025 | AB72: Sat | AD72: Praveen Singh | AE72: 18 | AF72: valid | AG72: completed | AH72: Praveen Singh
A73: 24 | B73: HALDWANI | C73: HALDWANI | D73: Aashish Rai | E73: UK05CA2368 | F73: GANESH | G73: I-UW-DDHT-ILA-0001 | H73: TXN100125947268 | I73: 45931 | J73: 45931 | K73: 0 | L73: valid | M73: 1107 | N73: 1002 | O73: 32 | P73: 160 | Q73: high | R73: yes | S73: high | T73: 192 | U73: HIGH | V73: YES | W73: 45931 | X73: 0.52430556 | Y73: 45931 | Z73: Oct | AA73: 2025 | AB73: Wed | AC73: KAMLESH SINGH MEHRA | AD73: Bhupesh Singh | AE73: 18 | AF73: valid | AG73: completed | AH73: Bhupesh Singh
A74: 24 | B74: DEHRADUN | C74: DEHRADUN | D74: Vivek Kumar | E74: UK17CA5597 | F74: ANIL | G74: I-UW-CYSR-ENB-9015 | H74: TXN100126290513 | I74: 45933 | J74: 45934 | K74: 1 | L74: valid | M74: 216 | N74: 46 | O74: 109 | P74: 80 | Q74: normal | R74: no | S74: medium | T74: 189 | U74: medium | V74: YES | W74: 45933 | X74: 45931 | Y74: 45931 | Z74: Oct | AA74: 2025 | AB74: Sat | AD74: Praveen Singh | AE74: 18 | AF74: valid | AG74: completed | AH74: Praveen Singh
A75: 25 | B75: HALDWANI | C75: HALDWANI | D75: Aashish Rai | E75: UK05CA2368 | F75: GANESH | G75: I-UW-GGLT-ENB-9005 | H75: TXN100125947482 | I75: 45931 | J75: 45933 | K75: 2 | L75: valid | M75: 2010 | N75: 721 | O75: 25 | P75: 140 | Q75: normal | R75: no | S75: medium | T75: 165 | U75: medium | V75: YES | W75: 45933 | Y75: 45931 | Z75: Oct | AA75: 2025 | AB75: Fri | AD75: Kuwar Singh Mehra | AE75: 18 | AF75: valid | AG75: completed | AH75: Kuwar Singh Mehra
A76: 25 | B76: DEHRADUN | C76: DEHRADUN | D76: Vivek Kumar | E76: UK17CA5597 | F76: ANIL | G76: I-UW-CYSR-ENB-9011 | H76: TXN100126290338 | I76: 45933 | J76: 45934 | K76: 1 | L76: valid | M76: 6179 | N76: 1549 | O76: 78 | P76: 80 | Q76: normal | R76: no | S76: medium | T76: 158 | U76: medium | V76: YES | W76: 45933 | X76: 45931 | Y76: 45931 | Z76: Oct | AA76: 2025 | AB76: Sat | AD76: Shayam Lal | AE76: 18 | AF76: valid | AG76: completed | AH76: Shayam Lal
A77: 26 | B77: DEHRADUN | C77: DEHRADUN | D77: Vivek Kumar | E77: UK17CA5597 | F77: ANIL | G77: I-UW-CYSR-ENB-9021 | H77: TXN100126290338 | I77: 45933 | J77: 45933 | K77: 0 | L77: valid | M77: 4345 | N77: 1839 | O77: 70 | P77: 80 | Q77: normal | R77: no | S77: medium | T77: 150 | U77: medium | V77: YES | W77: 45933 | X77: 45931 | Y77: 45931 | Z77: Oct | AA77: 2025 | AB77: Fri | AD77: Shayam Lal | AE77: 18 | AF77: valid | AG77: completed | AH77: Shayam Lal
